"url_path","observed_at_utc","api_ok","verdict","coverage_state","last_crawl_utc","google_canonical","user_canonical","rich_result_verdict"
"/","2026-09-05T07:09:19.478Z","true","PASS","送信して登録されました","2026-09-01T11:08:27Z","https://kawaguchitenrei.com/","https://kawaguchitenrei.com/","PASS"
"/plan/","2026-09-05T07:09:19.478Z","true","PASS","送信して登録されました","2026-08-26T14:44:51Z","https://kawaguchitenrei.com/plan/","https://kawaguchitenrei.com/plan/","PASS"
"/plan/family-funeral/","2026-09-05T07:09:19.478Z","true","PASS","送信して登録されました","2026-08-29T01:27:05Z","https://kawaguchitenrei.com/plan/family-funeral/","https://kawaguchitenrei.com/plan/family-funeral/","PASS"
"/plan/oneday-funeral/","2026-09-05T07:09:19.478Z","true","PASS","送信して登録されました","2026-08-21T01:12:27Z","https://kawaguchitenrei.com/plan/oneday-funeral/","https://kawaguchitenrei.com/plan/oneday-funeral/","PASS"
"/plan/direct-funeral/","2026-09-05T07:09:19.478Z","true","PASS","送信して登録されました","2026-08-22T16:16:19Z","https://kawaguchitenrei.com/plan/direct-funeral/","https://kawaguchitenrei.com/plan/direct-funeral/","PASS"
"/plan/cremation/","2026-09-05T07:09:19.478Z","true","NEUTRAL","検出 - インデックス未登録","","","",""
"/plan/kawaguchi-shimin/","2026-09-05T07:09:19.478Z","true","PASS","送信して登録されました","2026-08-15T23:50:54Z","https://kawaguchitenrei.com/plan/kawaguchi-shimin/","https://kawaguchitenrei.com/plan/kawaguchi-shimin/","PASS"
"/plan/yugure-kazokuso/","2026-09-05T07:09:19.478Z","true","PASS","送信して登録されました","2026-07-27T01:09:15Z","https://kawaguchitenrei.com/plan/yugure-kazokuso/","https://kawaguchitenrei.com/plan/yugure-kazokuso/","PASS"
"/area/kawaguchi/","2026-09-05T07:09:19.478Z","true","PASS","送信して登録されました","2026-08-12T11:57:36Z","https://kawaguchitenrei.com/area/kawaguchi/","https://kawaguchitenrei.com/area/kawaguchi/","PASS"
"/area/nishikawaguchi/","2026-09-05T07:09:19.478Z","true","PASS","送信して登録されました","2026-08-27T11:41:50Z","https://kawaguchitenrei.com/area/nishikawaguchi/","https://kawaguchitenrei.com/area/nishikawaguchi/","PASS"
"/area/higashikawaguchi/","2026-09-05T07:09:19.478Z","true","PASS","送信して登録されました","2026-08-18T19:10:18Z","https://kawaguchitenrei.com/area/higashikawaguchi/","https://kawaguchitenrei.com/area/higashikawaguchi/","PASS"
"/hall/kawaguchi-memorial-hall/","2026-09-05T07:09:19.478Z","true","PASS","送信して登録されました","2026-08-29T02:30:49Z","https://kawaguchitenrei.com/hall/kawaguchi-memorial-hall/","https://kawaguchitenrei.com/hall/kawaguchi-memorial-hall/","PASS"
"/saijo/megurinomori/","2026-09-05T07:09:19.478Z","true","PASS","送信して登録されました","2026-08-29T03:43:46Z","https://kawaguchitenrei.com/saijo/megurinomori/","https://kawaguchitenrei.com/saijo/megurinomori/","PASS"
"/column/kazokusou/","2026-09-05T07:09:19.478Z","true","PASS","送信して登録されました","2026-08-19T19:22:26Z","https://kawaguchitenrei.com/column/kazokusou/","https://kawaguchitenrei.com/column/kazokusou/","PASS"
"/column/fuhou/","2026-09-05T07:09:19.478Z","true","PASS","送信して登録されました","2026-08-27T00:26:51Z","https://kawaguchitenrei.com/column/fuhou/","https://kawaguchitenrei.com/column/fuhou/","PASS"
"/area/","2026-09-05T07:12:41.028Z","true","PASS","送信して登録されました","2026-06-05T23:06:32Z","https://kawaguchitenrei.com/area/","https://kawaguchitenrei.com/area/","PASS"
"/area/kawaguchi-ekimae/","2026-09-05T07:12:41.031Z","true","PASS","送信して登録されました","2026-06-09T00:49:21Z","https://kawaguchitenrei.com/area/kawaguchi-ekimae/","https://kawaguchitenrei.com/area/kawaguchi-ekimae/","PASS"
"/area/araijuku/","2026-09-05T07:12:41.031Z","true","PASS","送信して登録されました","2026-08-30T14:15:04Z","https://kawaguchitenrei.com/area/araijuku/","https://kawaguchitenrei.com/area/araijuku/","PASS"
"/area/hatogaya/","2026-09-05T07:12:48.583Z","true","PASS","送信して登録されました","2026-06-09T00:47:34Z","https://kawaguchitenrei.com/area/hatogaya/","https://kawaguchitenrei.com/area/hatogaya/","PASS"
"/area/kawaguchi-motogo/","2026-09-05T07:12:48.583Z","true","PASS","送信して登録されました","2026-08-27T12:54:48Z","https://kawaguchitenrei.com/area/kawaguchi-motogo/","https://kawaguchitenrei.com/area/kawaguchi-motogo/","PASS"
"/area/minami-hatogaya/","2026-09-05T07:12:48.583Z","true","PASS","送信して登録されました","2026-08-29T13:01:33Z","https://kawaguchitenrei.com/area/minami-hatogaya/","https://kawaguchitenrei.com/area/minami-hatogaya/","PASS"
"/area/tozuka-angyo/","2026-09-05T07:12:56.005Z","true","PASS","送信して登録されました","2026-08-28T20:03:36Z","https://kawaguchitenrei.com/area/tozuka-angyo/","https://kawaguchitenrei.com/area/tozuka-angyo/","PASS"
"/area/kamine/","2026-09-05T07:12:56.005Z","true","PASS","送信して登録されました","2026-08-28T14:41:55Z","https://kawaguchitenrei.com/area/kamine/","https://kawaguchitenrei.com/area/kamine/","PASS"
"/area/shingo/","2026-09-05T07:12:56.005Z","true","PASS","送信して登録されました","2026-08-06T04:44:10Z","https://kawaguchitenrei.com/area/shingo/","https://kawaguchitenrei.com/area/shingo/","PASS"
"/area/shiba/","2026-09-05T07:13:03.373Z","true","PASS","送信して登録されました","2026-06-09T00:45:14Z","https://kawaguchitenrei.com/area/shiba/","https://kawaguchitenrei.com/area/shiba/","PASS"
"/area/angyo/","2026-09-05T07:13:03.373Z","true","PASS","送信して登録されました","2026-08-27T12:28:25Z","https://kawaguchitenrei.com/area/angyo/","https://kawaguchitenrei.com/area/angyo/","PASS"
"/area/kamiaoki/","2026-09-05T07:13:03.373Z","true","PASS","送信して登録されました","2026-08-27T15:16:06Z","https://kawaguchitenrei.com/area/kamiaoki/","https://kawaguchitenrei.com/area/kamiaoki/","PASS"
"/area/aoki/","2026-09-05T07:13:11.229Z","true","PASS","送信して登録されました","2026-08-26T23:33:17Z","https://kawaguchitenrei.com/area/aoki/","https://kawaguchitenrei.com/area/aoki/","PASS"
"/saijo/","2026-09-05T07:13:11.229Z","true","PASS","送信して登録されました","2026-08-27T21:43:13Z","https://kawaguchitenrei.com/saijo/","https://kawaguchitenrei.com/saijo/","PASS"
"/saijo/toda-sousaijyo/","2026-09-05T07:13:11.229Z","true","PASS","送信して登録されました","2026-08-26T00:57:50Z","https://kawaguchitenrei.com/saijo/toda-sousaijyo/","https://kawaguchitenrei.com/saijo/toda-sousaijyo/","PASS"
"/saijo/yatsuka-saijo/","2026-09-05T07:13:18.620Z","true","PASS","送信して登録されました","2026-08-15T08:35:02Z","https://kawaguchitenrei.com/saijo/yatsuka-saijo/","https://kawaguchitenrei.com/saijo/yatsuka-saijo/","PASS"
"/saijo/machiya-saijo/","2026-09-05T07:13:18.620Z","true","PASS","送信して登録されました","2026-08-15T07:28:07Z","https://kawaguchitenrei.com/saijo/machiya-saijo/","https://kawaguchitenrei.com/saijo/machiya-saijo/","PASS"
"/contact/","2026-09-05T07:13:18.620Z","true","PASS","送信して登録されました","2026-06-27T11:42:27Z","https://kawaguchitenrei.com/contact/","https://kawaguchitenrei.com/contact/",""
"/estimate/","2026-09-05T07:13:26.234Z","true","PASS","送信して登録されました","2026-07-23T11:35:47Z","https://kawaguchitenrei.com/estimate/","https://kawaguchitenrei.com/estimate/",""
"/column/","2026-09-05T07:13:26.235Z","true","PASS","送信して登録されました","2026-08-27T06:50:57Z","https://kawaguchitenrei.com/column/","https://kawaguchitenrei.com/column/","PASS"
"/case/","2026-09-05T07:13:26.235Z","true","PASS","送信して登録されました","2026-06-12T17:19:24Z","https://kawaguchitenrei.com/case/","https://kawaguchitenrei.com/case/","PASS"
"/voice/","2026-09-05T07:13:33.810Z","true","PASS","送信して登録されました","2026-09-02T02:03:30Z","https://kawaguchitenrei.com/voice/","https://kawaguchitenrei.com/voice/","PASS"
"/faq/","2026-09-05T07:13:33.810Z","true","PASS","送信して登録されました","2026-08-03T23:12:57Z","https://kawaguchitenrei.com/faq/","https://kawaguchitenrei.com/faq/",""
"/access/","2026-09-05T07:13:33.810Z","true","PASS","送信して登録されました","2026-08-20T02:31:51Z","https://kawaguchitenrei.com/access/","https://kawaguchitenrei.com/access/","PASS"
"/pet/","2026-09-05T07:13:41.327Z","true","PASS","送信して登録されました","2026-08-24T19:25:01Z","https://kawaguchitenrei.com/pet/","https://kawaguchitenrei.com/pet/","PASS"
"/company/","2026-09-05T07:13:41.327Z","true","PASS","送信して登録されました","2026-08-26T12:55:32Z","https://kawaguchitenrei.com/company/","https://kawaguchitenrei.com/company/","PASS"
"/privacy/","2026-09-05T07:13:41.327Z","true","PASS","送信して登録されました","2026-06-13T12:05:30Z","https://kawaguchitenrei.com/privacy/","https://kawaguchitenrei.com/privacy/",""
"/tokushoho/","2026-09-05T07:13:48.711Z","true","PASS","送信して登録されました","2026-07-25T05:30:42Z","https://kawaguchitenrei.com/tokushoho/","https://kawaguchitenrei.com/tokushoho/",""
"/sitemap/","2026-09-05T07:13:48.711Z","true","PASS","送信して登録されました","2026-07-22T20:45:33Z","https://kawaguchitenrei.com/sitemap/","https://kawaguchitenrei.com/sitemap/",""
"/plan/hanaire-owakare/","2026-09-05T07:13:48.711Z","true","PASS","送信して登録されました","2026-08-30T15:57:03Z","https://kawaguchitenrei.com/plan/hanaire-owakare/","https://kawaguchitenrei.com/plan/hanaire-owakare/","PASS"
"/plan/non-religious-funeral/","2026-09-05T07:13:55.882Z","true","PASS","送信して登録されました","2026-09-02T12:31:29Z","https://kawaguchitenrei.com/plan/non-religious-funeral/","https://kawaguchitenrei.com/plan/non-religious-funeral/","PASS"
"/case/kawaguchi-church-catholic-20-oneday-800k/","2026-09-05T07:13:55.882Z","true","PASS","送信して登録されました","2026-09-02T19:24:57Z","https://kawaguchitenrei.com/case/kawaguchi-church-catholic-20-oneday-800k/","https://kawaguchitenrei.com/case/kawaguchi-church-catholic-20-oneday-800k/","PASS"
"/case/kawaguchi-memorial-buddhist-20-oneday-1100k/","2026-09-05T07:13:55.882Z","true","PASS","送信して登録されました","2026-07-24T13:01:12Z","https://kawaguchitenrei.com/case/kawaguchi-memorial-buddhist-20-oneday-1100k/","https://kawaguchitenrei.com/case/kawaguchi-memorial-buddhist-20-oneday-1100k/","PASS"
"/case/kawaguchi-memorial-buddhist-20-oneday-1500k/","2026-09-05T07:14:03.283Z","true","PASS","送信して登録されました","2026-07-25T14:01:40Z","https://kawaguchitenrei.com/case/kawaguchi-memorial-buddhist-20-oneday-1500k/","https://kawaguchitenrei.com/case/kawaguchi-memorial-buddhist-20-oneday-1500k/","PASS"
"/case/sangakuin-gokurakuden-buddhist-800-company-contact/","2026-09-05T07:14:03.284Z","true","PASS","送信して登録されました","2026-07-22T05:02:20Z","https://kawaguchitenrei.com/case/sangakuin-gokurakuden-buddhist-800-company-contact/","https://kawaguchitenrei.com/case/sangakuin-gokurakuden-buddhist-800-company-contact/","PASS"
"/case/machiya-saijo-buddhist-20-family-1200k/","2026-09-05T07:14:03.284Z","true","PASS","送信して登録されました","2026-07-27T03:13:12Z","https://kawaguchitenrei.com/case/machiya-saijo-buddhist-20-family-1200k/","https://kawaguchitenrei.com/case/machiya-saijo-buddhist-20-family-1200k/","PASS"
"/case/yatsuka-saijo-buddhist-20-family-1200k/","2026-09-05T07:14:10.882Z","true","PASS","送信して登録されました","2026-07-22T07:36:52Z","https://kawaguchitenrei.com/case/yatsuka-saijo-buddhist-20-family-1200k/","https://kawaguchitenrei.com/case/yatsuka-saijo-buddhist-20-family-1200k/","PASS"
"/case/kawaguchi-memorial-friend-10-oneday-570k/","2026-09-05T07:14:10.882Z","true","PASS","送信して登録されました","2026-07-24T12:43:03Z","https://kawaguchitenrei.com/case/kawaguchi-memorial-friend-10-oneday-570k/","https://kawaguchitenrei.com/case/kawaguchi-memorial-friend-10-oneday-570k/","PASS"
"/case/home-buddhist-10-oneday-1600k/","2026-09-05T07:14:10.882Z","true","PASS","送信して登録されました","2026-07-25T02:30:27Z","https://kawaguchitenrei.com/case/home-buddhist-10-oneday-1600k/","https://kawaguchitenrei.com/case/home-buddhist-10-oneday-1600k/","PASS"
"/case/kawaguchi-memorial-buddhist-20-family-1100k/","2026-09-05T07:14:18.310Z","true","PASS","送信して登録されました","2026-07-26T13:06:40Z","https://kawaguchitenrei.com/case/kawaguchi-memorial-buddhist-20-family-1100k/","https://kawaguchitenrei.com/case/kawaguchi-memorial-buddhist-20-family-1100k/","PASS"
"/case/kawaguchi-memorial-buddhist-20-oneday-580k/","2026-09-05T07:14:18.310Z","true","PASS","送信して登録されました","2026-07-16T21:44:50Z","https://kawaguchitenrei.com/case/kawaguchi-memorial-buddhist-20-oneday-580k/","https://kawaguchitenrei.com/case/kawaguchi-memorial-buddhist-20-oneday-580k/","PASS"
"/case/yatsuka-buddhist-400-company-contact/","2026-09-05T07:14:18.310Z","true","PASS","送信して登録されました","2026-07-31T02:55:44Z","https://kawaguchitenrei.com/case/yatsuka-buddhist-400-company-contact/","https://kawaguchitenrei.com/case/yatsuka-buddhist-400-company-contact/","PASS"
"/voice/oneday-careful-guidance/","2026-09-05T07:14:28.636Z","true","PASS","送信して登録されました","2026-06-12T01:00:52Z","https://kawaguchitenrei.com/voice/oneday-careful-guidance/","https://kawaguchitenrei.com/voice/oneday-careful-guidance/","PASS"
"/voice/cremation-clear-pricing/","2026-09-05T07:14:28.636Z","true","PASS","送信して登録されました","2026-07-21T11:30:41Z","https://kawaguchitenrei.com/voice/cremation-clear-pricing/","https://kawaguchitenrei.com/voice/cremation-clear-pricing/","PASS"
"/voice/family-funeral-warm/","2026-09-05T07:14:28.636Z","true","PASS","送信して登録されました","2026-07-27T23:14:36Z","https://kawaguchitenrei.com/voice/family-funeral-warm/","https://kawaguchitenrei.com/voice/family-funeral-warm/","PASS"
"/voice/direct-funeral-home-time/","2026-09-05T07:14:37.756Z","true","PASS","送信して登録されました","2026-07-16T16:56:14Z","https://kawaguchitenrei.com/voice/direct-funeral-home-time/","https://kawaguchitenrei.com/voice/direct-funeral-home-time/","PASS"
"/voice/caring-support-farewell/","2026-09-05T07:14:37.756Z","true","PASS","送信して登録されました","2026-07-25T02:35:51Z","https://kawaguchitenrei.com/voice/caring-support-farewell/","https://kawaguchitenrei.com/voice/caring-support-farewell/","PASS"
"/voice/20250521_k_001/","2026-09-05T07:14:37.756Z","true","PASS","送信して登録されました","2026-07-29T10:09:12Z","https://kawaguchitenrei.com/voice/20250521_k_001/","https://kawaguchitenrei.com/voice/20250521_k_001/","PASS"
"/voice/20240521__kasoou2/","2026-09-05T07:14:45.124Z","true","PASS","送信して登録されました","2026-07-23T12:44:23Z","https://kawaguchitenrei.com/voice/20240521__kasoou2/","https://kawaguchitenrei.com/voice/20240521__kasoou2/","PASS"
"/voice/20240812_kazokusou/","2026-09-05T07:14:45.124Z","true","PASS","送信して登録されました","2026-07-24T17:38:17Z","https://kawaguchitenrei.com/voice/20240812_kazokusou/","https://kawaguchitenrei.com/voice/20240812_kazokusou/","PASS"
"/voice/20240602_k/","2026-09-05T07:14:45.124Z","true","PASS","送信して登録されました","2026-07-29T09:02:31Z","https://kawaguchitenrei.com/voice/20240602_k/","https://kawaguchitenrei.com/voice/20240602_k/","PASS"
"/voice/20240604_kk/","2026-09-05T07:14:52.253Z","true","PASS","送信して登録されました","2026-08-29T02:14:08Z","https://kawaguchitenrei.com/voice/20240604_kk/","https://kawaguchitenrei.com/voice/20240604_kk/","PASS"
"/voice/20240608_ichi/","2026-09-05T07:14:52.253Z","true","PASS","送信して登録されました","2026-07-24T12:40:18Z","https://kawaguchitenrei.com/voice/20240608_ichi/","https://kawaguchitenrei.com/voice/20240608_ichi/","PASS"
"/voice/20240617_ichi/","2026-09-05T07:14:52.253Z","true","PASS","送信して登録されました","2026-07-24T18:37:08Z","https://kawaguchitenrei.com/voice/20240617_ichi/","https://kawaguchitenrei.com/voice/20240617_ichi/","PASS"
"/voice/20240619_ichi/","2026-09-05T07:14:59.604Z","true","PASS","送信して登録されました","2026-07-21T09:39:26Z","https://kawaguchitenrei.com/voice/20240619_ichi/","https://kawaguchitenrei.com/voice/20240619_ichi/","PASS"
"/voice/2020603_ichi/","2026-09-05T07:14:59.604Z","true","PASS","送信して登録されました","2026-07-08T16:31:24Z","https://kawaguchitenrei.com/voice/2020603_ichi/","https://kawaguchitenrei.com/voice/2020603_ichi/","PASS"
"/voice/20240623_kazoku/","2026-09-05T07:14:59.604Z","true","PASS","送信して登録されました","2026-05-24T23:06:30Z","https://kawaguchitenrei.com/voice/20240623_kazoku/","https://kawaguchitenrei.com/voice/20240623_kazoku/","PASS"
"/voice/20240624_kasou/","2026-09-05T07:15:06.831Z","true","PASS","送信して登録されました","2026-07-24T12:49:40Z","https://kawaguchitenrei.com/voice/20240624_kasou/","https://kawaguchitenrei.com/voice/20240624_kasou/","PASS"
"/voice/20240628_kazoku/","2026-09-05T07:15:06.832Z","true","PASS","送信して登録されました","2026-07-23T22:01:54Z","https://kawaguchitenrei.com/voice/20240628_kazoku/","https://kawaguchitenrei.com/voice/20240628_kazoku/","PASS"
"/voice/20240702/","2026-09-05T07:15:06.832Z","true","PASS","送信して登録されました","2026-08-15T14:53:14Z","https://kawaguchitenrei.com/voice/20240702/","https://kawaguchitenrei.com/voice/20240702/","PASS"
"/voice/20270704_kazoku/","2026-09-05T07:15:14.763Z","true","PASS","送信して登録されました","2026-08-29T12:53:12Z","https://kawaguchitenrei.com/voice/20270704_kazoku/","https://kawaguchitenrei.com/voice/20270704_kazoku/","PASS"
"/voice/20240710_kazoku/","2026-09-05T07:15:14.763Z","true","PASS","送信して登録されました","2026-07-24T16:55:45Z","https://kawaguchitenrei.com/voice/20240710_kazoku/","https://kawaguchitenrei.com/voice/20240710_kazoku/","PASS"
"/voice/20240717_ippann/","2026-09-05T07:15:14.763Z","true","PASS","送信して登録されました","2026-07-19T09:38:30Z","https://kawaguchitenrei.com/voice/20240717_ippann/","https://kawaguchitenrei.com/voice/20240717_ippann/","PASS"
"/voice/20240716_kasou/","2026-09-05T07:15:23.880Z","true","PASS","送信して登録されました","2026-07-21T12:54:56Z","https://kawaguchitenrei.com/voice/20240716_kasou/","https://kawaguchitenrei.com/voice/20240716_kasou/","PASS"
"/voice/tq4nrjZa/","2026-09-05T07:15:23.880Z","true","PASS","送信して登録されました","2026-08-20T07:06:14Z","https://kawaguchitenrei.com/voice/tq4nrjZa/","https://kawaguchitenrei.com/voice/tq4nrjZa/","PASS"
"/voice/20250721/","2026-09-05T07:15:23.880Z","true","PASS","送信して登録されました","2026-07-30T10:55:46Z","https://kawaguchitenrei.com/voice/20250721/","https://kawaguchitenrei.com/voice/20250721/","PASS"
"/voice/20240721/","2026-09-05T07:15:31.220Z","true","PASS","送信して登録されました","2026-07-24T12:21:11Z","https://kawaguchitenrei.com/voice/20240721/","https://kawaguchitenrei.com/voice/20240721/","PASS"
"/voice/20240730_ichi/","2026-09-05T07:15:31.220Z","true","PASS","送信して登録されました","2026-07-21T23:57:13Z","https://kawaguchitenrei.com/voice/20240730_ichi/","https://kawaguchitenrei.com/voice/20240730_ichi/","PASS"
"/voice/20240730/","2026-09-05T07:15:31.220Z","true","PASS","送信して登録されました","2026-07-20T21:03:59Z","https://kawaguchitenrei.com/voice/20240730/","https://kawaguchitenrei.com/voice/20240730/","PASS"
"/voice/20250912/","2026-09-05T07:15:38.478Z","true","NEUTRAL","検出 - インデックス未登録","","","",""
"/voice/ckgS6F6p/","2026-09-05T07:15:38.478Z","true","PASS","送信して登録されました","2026-07-24T12:47:40Z","https://kawaguchitenrei.com/voice/ckgS6F6p/","https://kawaguchitenrei.com/voice/ckgS6F6p/","PASS"
"/voice/2020914ippan/","2026-09-05T07:15:38.478Z","true","PASS","送信して登録されました","2026-07-17T16:27:19Z","https://kawaguchitenrei.com/voice/2020914ippan/","https://kawaguchitenrei.com/voice/2020914ippan/","PASS"
"/column/kouden_souba/","2026-09-05T07:15:45.816Z","true","PASS","送信して登録されました","2026-07-10T23:34:42Z","https://kawaguchitenrei.com/column/kouden_souba/","https://kawaguchitenrei.com/column/kouden_souba/","PASS"
"/column/yonaka/","2026-09-05T07:15:45.817Z","true","PASS","送信して登録されました","2026-07-29T15:39:29Z","https://kawaguchitenrei.com/column/yonaka/","https://kawaguchitenrei.com/column/yonaka/","PASS"
"/column/meguri/","2026-09-05T07:15:45.817Z","true","PASS","送信して登録されました","2026-07-31T01:33:32Z","https://kawaguchitenrei.com/column/meguri/","https://kawaguchitenrei.com/column/meguri/","PASS"
"/column/kawaguchi_kazokusou/","2026-09-05T07:15:53.023Z","true","PASS","送信して登録されました","2026-08-04T18:32:06Z","https://kawaguchitenrei.com/column/kawaguchi_kazokusou/","https://kawaguchitenrei.com/column/kawaguchi_kazokusou/","PASS"
"/column/hansou/","2026-09-05T07:15:53.023Z","true","PASS","送信して登録されました","2026-07-23T04:19:47Z","https://kawaguchitenrei.com/column/hansou/","https://kawaguchitenrei.com/column/hansou/","PASS"
"/column/sougisya/","2026-09-05T07:15:53.023Z","true","PASS","送信して登録されました","2026-07-31T09:17:56Z","https://kawaguchitenrei.com/column/sougisya/","https://kawaguchitenrei.com/column/sougisya/","PASS"
"/column/sougidai/","2026-09-05T07:16:00.179Z","true","PASS","送信して登録されました","2026-07-23T13:07:37Z","https://kawaguchitenrei.com/column/sougidai/","https://kawaguchitenrei.com/column/sougidai/","PASS"
"/column/hojokin/","2026-09-05T07:16:00.179Z","true","PASS","送信して登録されました","2026-07-23T06:10:34Z","https://kawaguchitenrei.com/column/hojokin/","https://kawaguchitenrei.com/column/hojokin/","PASS"
"/column/mosyu/","2026-09-05T07:16:00.179Z","true","PASS","送信して登録されました","2026-08-07T02:18:28Z","https://kawaguchitenrei.com/column/mosyu/","https://kawaguchitenrei.com/column/mosyu/","PASS"
"/column/sougi_flow/","2026-09-05T07:16:07.501Z","true","PASS","送信して登録されました","2026-07-29T18:57:19Z","https://kawaguchitenrei.com/column/sougi_flow/","https://kawaguchitenrei.com/column/sougi_flow/","PASS"
"/column/Nofuneral/","2026-09-05T07:16:07.501Z","true","PASS","送信して登録されました","2026-07-21T04:23:58Z","https://kawaguchitenrei.com/column/Nofuneral/","https://kawaguchitenrei.com/column/Nofuneral/","PASS"
"/column/Byouinchou/","2026-09-05T07:16:07.501Z","true","PASS","送信して登録されました","2026-07-23T22:53:10Z","https://kawaguchitenrei.com/column/Byouinchou/","https://kawaguchitenrei.com/column/Byouinchou/","PASS"
"/column/miaaou/","2026-09-05T07:16:17.432Z","true","PASS","送信して登録されました","2026-07-21T12:07:48Z","https://kawaguchitenrei.com/column/miaaou/","https://kawaguchitenrei.com/column/miaaou/","PASS"
"/column/souzoku/","2026-09-05T07:16:17.432Z","true","PASS","送信して登録されました","2026-07-30T10:21:10Z","https://kawaguchitenrei.com/column/souzoku/","https://kawaguchitenrei.com/column/souzoku/","PASS"
"/column/syuuha/","2026-09-05T07:16:17.432Z","true","PASS","送信して登録されました","2026-07-19T21:57:20Z","https://kawaguchitenrei.com/column/syuuha/","https://kawaguchitenrei.com/column/syuuha/","PASS"
"/column/yukan/","2026-09-05T07:16:24.996Z","true","PASS","送信して登録されました","2026-08-20T13:32:36Z","https://kawaguchitenrei.com/column/yukan/","https://kawaguchitenrei.com/column/yukan/","PASS"
"/column/sousaihi/","2026-09-05T07:16:24.996Z","true","PASS","送信して登録されました","2026-08-29T09:28:43Z","https://kawaguchitenrei.com/column/sousaihi/","https://kawaguchitenrei.com/column/sousaihi/","PASS"
"/column/jitaku_sou/","2026-09-05T07:16:24.996Z","true","PASS","送信して登録されました","2026-07-29T19:57:17Z","https://kawaguchitenrei.com/column/jitaku_sou/","https://kawaguchitenrei.com/column/jitaku_sou/","PASS"
"/column/shinsiki/","2026-09-05T07:16:32.427Z","true","PASS","送信して登録されました","2026-08-26T19:04:19Z","https://kawaguchitenrei.com/column/shinsiki/","https://kawaguchitenrei.com/column/shinsiki/","PASS"
"/column/obon/","2026-09-05T07:16:32.427Z","true","PASS","送信して登録されました","2026-07-16T23:58:46Z","https://kawaguchitenrei.com/column/obon/","https://kawaguchitenrei.com/column/obon/","PASS"
"/column/jiyusou/","2026-09-05T07:16:32.427Z","true","PASS","送信して登録されました","2026-07-29T16:09:58Z","https://kawaguchitenrei.com/column/jiyusou/","https://kawaguchitenrei.com/column/jiyusou/","PASS"
"/column/hiyou/","2026-09-05T07:16:39.807Z","true","PASS","送信して登録されました","2026-07-21T18:24:37Z","https://kawaguchitenrei.com/column/hiyou/","https://kawaguchitenrei.com/column/hiyou/","PASS"
"/column/syuukatu/","2026-09-05T07:16:39.807Z","true","PASS","送信して登録されました","2026-07-29T21:08:56Z","https://kawaguchitenrei.com/column/syuukatu/","https://kawaguchitenrei.com/column/syuukatu/","PASS"
"/column/seshu-moshu/","2026-09-05T07:16:39.807Z","true","PASS","送信して登録されました","2026-07-30T16:51:27Z","https://kawaguchitenrei.com/column/seshu-moshu/","https://kawaguchitenrei.com/column/seshu-moshu/","PASS"
"/column/chokusou-fukusou/","2026-09-05T07:16:47.361Z","true","PASS","送信して登録されました","2026-05-25T01:03:53Z","https://kawaguchitenrei.com/column/chokusou-fukusou/","https://kawaguchitenrei.com/column/chokusou-fukusou/",""
"/column/ichinichi-sou/","2026-09-05T07:16:47.362Z","true","NEUTRAL","クロール済み - インデックス未登録","2026-07-21T19:37:38Z","https://kawaguchitenrei.com/column/ichinichi-sou/","https://kawaguchitenrei.com/column/ichinichi-sou/",""
"/column/bukkyou-shuha-13/","2026-09-05T07:16:47.362Z","true","PASS","送信して登録されました","2026-07-18T20:49:34Z","https://kawaguchitenrei.com/column/bukkyou-shuha-13/","https://kawaguchitenrei.com/column/bukkyou-shuha-13/","PASS"
"/column/butumetu/","2026-09-05T07:16:55.172Z","true","PASS","送信して登録されました","2026-07-21T13:48:44Z","https://kawaguchitenrei.com/column/butumetu/","https://kawaguchitenrei.com/column/butumetu/","PASS"
"/column/fukusouhin/","2026-09-05T07:16:55.172Z","true","PASS","送信して登録されました","2026-07-23T16:36:15Z","https://kawaguchitenrei.com/column/fukusouhin/","https://kawaguchitenrei.com/column/fukusouhin/","PASS"
"/column/mushukyo-sou/","2026-09-05T07:16:55.172Z","true","PASS","送信して登録されました","2026-07-31T04:16:25Z","https://kawaguchitenrei.com/column/mushukyo-sou/","https://kawaguchitenrei.com/column/mushukyo-sou/","PASS"
"/column/jitakusou-merit/","2026-09-05T07:17:02.577Z","true","PASS","送信して登録されました","2026-07-20T00:33:32Z","https://kawaguchitenrei.com/column/jitakusou-merit/","https://kawaguchitenrei.com/column/jitakusou-merit/","PASS"
"/column/sousai-fujo/","2026-09-05T07:17:02.577Z","true","PASS","送信して登録されました","2026-08-27T07:34:18Z","https://kawaguchitenrei.com/column/sousai-fujo/","https://kawaguchitenrei.com/column/sousai-fujo/","PASS"
"/column/kenan/","2026-09-05T07:17:02.577Z","true","PASS","送信して登録されました","2026-07-31T19:33:31Z","https://kawaguchitenrei.com/column/kenan/","https://kawaguchitenrei.com/column/kenan/","PASS"
"/column/kenshi-nagare/","2026-09-05T07:17:18.988Z","true","PASS","送信して登録されました","2026-08-26T19:29:37Z","https://kawaguchitenrei.com/column/kenshi-nagare/","https://kawaguchitenrei.com/column/kenshi-nagare/","PASS"
"/column/2026s_sougi/","2026-09-05T07:17:18.988Z","true","PASS","送信して登録されました","2026-07-19T13:57:16Z","https://kawaguchitenrei.com/column/2026s_sougi/","https://kawaguchitenrei.com/column/2026s_sougi/","PASS"
"/column/nenmastu/","2026-09-05T07:17:18.988Z","true","PASS","送信して登録されました","2026-07-20T03:36:44Z","https://kawaguchitenrei.com/column/nenmastu/","https://kawaguchitenrei.com/column/nenmastu/","PASS"
"/column/sougi_nattoku/","2026-09-05T07:17:26.344Z","true","PASS","送信して登録されました","2026-07-22T20:32:50Z","https://kawaguchitenrei.com/column/sougi_nattoku/","https://kawaguchitenrei.com/column/sougi_nattoku/","PASS"
"/column/shibou-todoke/","2026-09-05T07:17:26.344Z","true","PASS","送信して登録されました","2026-08-16T08:30:10Z","https://kawaguchitenrei.com/column/shibou-todoke/","https://kawaguchitenrei.com/column/shibou-todoke/","PASS"
"/column/yujinso-sokagakkai/","2026-09-05T07:17:26.344Z","true","PASS","送信して登録されました","2026-09-01T07:53:07Z","https://kawaguchitenrei.com/column/yujinso-sokagakkai/","https://kawaguchitenrei.com/column/yujinso-sokagakkai/","PASS"
"/column/kazokusou-missou/","2026-09-05T07:17:33.975Z","true","PASS","送信して登録されました","2026-06-07T13:25:19Z","https://kawaguchitenrei.com/column/kazokusou-missou/","https://kawaguchitenrei.com/column/kazokusou-missou/","PASS"
"/column/saidan-kazokusou/","2026-09-05T07:17:33.975Z","true","PASS","送信して登録されました","2026-09-02T04:05:28Z","https://kawaguchitenrei.com/column/saidan-kazokusou/","https://kawaguchitenrei.com/column/saidan-kazokusou/","PASS"
"/column/gojokai-kaiyaku/","2026-09-05T07:17:33.976Z","true","PASS","送信して登録されました","2026-07-31T01:10:15Z","https://kawaguchitenrei.com/column/gojokai-kaiyaku/","https://kawaguchitenrei.com/column/gojokai-kaiyaku/","PASS"
