url,status,title,tlen,desc,dlen,h1,h1n,h2n,canon,robots,jsonld,imgs,noalt,words,bytes
https://kawaguchitenrei.com/,200,川口市の葬儀・葬儀社なら川口典礼 | 創業20年・24時間365日対応,35,"川口市・新井宿で葬儀・家族葬なら、創業20年・年間約260件の川口典礼。24時間365日受付。自社式場・川口メモリアルホール(駐車場70台)から川口市めぐりの森まで車で約5分。直葬は事前相談会員価格139,000円(税込)〜、一日葬・火葬式・市民葬までご相談を承ります。",135,川口市・新井宿で家族葬・直葬をお考えの方へ。,1,14,https://kawaguchitenrei.com/,,4,137,0,24845,1295861
https://kawaguchitenrei.com/plan/,200,葬儀プラン一覧 | 川口典礼,14,川口典礼の直葬・花入れお別れ・一日葬・家族葬・市民葬の各プランをご紹介します。費用や対応形式の比較、向いている方の目安もあわせてご確認いただけます。,74,ご希望に合わせて選べる、5つの葬儀形式。,1,5,https://kawaguchitenrei.com/plan/,,4,5,0,3285,110261
https://kawaguchitenrei.com/area/,200,対応エリア一覧｜川口市・近隣の葬儀・家族葬｜川口典礼,26,川口典礼の対応エリア一覧。川口市内（新井宿・川口元郷・芝・青木ほか）と鳩ヶ谷・西川口・東川口・安行など近隣エリアごとに、葬儀・家族葬・直葬・一日葬のご相談に対応しています。地域の式場・火葬場へのアクセスもご案内します。,109,川口市・近隣の対応エリア,1,2,https://kawaguchitenrei.com/area/,,4,0,0,1977,65663
https://kawaguchitenrei.com/area/kawaguchi/,200,川口市の葬儀ガイド | 費用の目安・市民葬・式場と流れ | 川口典礼,34,川口市で葬儀・葬儀社をお探しの方へ。費用の目安、川口市民葬(葬祭事業)などの公的制度、式場・川口市めぐりの森での火葬までの流れを、創業20年・年間約260件の川口典礼がご案内します。駐車場70台・24時間365日受付。,109,川口市で葬儀をお考えの方へ,1,12,https://kawaguchitenrei.com/area/kawaguchi/,,6,9,0,7123,189318
https://kawaguchitenrei.com/area/kawaguchi-ekimae/,200,川口駅周辺の葬儀・家族葬 | 本町・栄町の寺院会館・川口メモリアルホール | 川口典礼,43,川口駅周辺(本町・栄町など)で葬儀・家族葬・直葬・一日葬をお考えの方へ。お住まいの近くの寺院会館・式場のご利用から、火葬場(川口市めぐりの森)に近い川口メモリアルホールでのお別れまで、ご希望に合わせて川口典礼がサポートします。,113,川口駅・本町周辺の皆様へ、心を込めて。,1,10,https://kawaguchitenrei.com/area/kawaguchi-ekimae/,,6,10,0,5402,153140
https://kawaguchitenrei.com/area/araijuku/,200,新井宿の葬儀・家族葬 | 川口市新井宿周辺で葬儀をお考えの方へ | 川口典礼,38,川口市新井宿周辺で葬儀・家族葬・直葬・一日葬をお考えの方へ。川口典礼では、自社式場の川口メモリアルホールを中心に、搬送・安置・ご葬儀・めぐりの森での火葬まで一貫してサポートします。,90,川口市新井宿周辺の皆様へ、心を込めて。,1,10,https://kawaguchitenrei.com/area/araijuku/,,6,10,0,5175,155646
https://kawaguchitenrei.com/area/hatogaya/,200,鳩ヶ谷の葬儀・家族葬 | 川口市鳩ヶ谷周辺で葬儀をお考えの方へ | 川口典礼,38,川口市鳩ヶ谷・南鳩ヶ谷周辺で葬儀・家族葬・直葬・一日葬をお考えの方へ。川口典礼では、搬送・安置・ご葬儀・火葬場利用の手配まで、状況に合わせて一貫してサポートします。,82,川口市鳩ヶ谷周辺の皆様へ、丁寧なお別れを。,1,10,https://kawaguchitenrei.com/area/hatogaya/,,6,10,0,5197,155599
https://kawaguchitenrei.com/area/nishikawaguchi/,200,西川口の葬儀・家族葬 | 川口市西川口周辺で葬儀をお考えの方へ | 川口典礼,38,川口市西川口周辺で葬儀・家族葬・直葬・一日葬をお考えの方へ。川口典礼では、搬送・安置・ご葬儀・川口市めぐりの森での火葬まで、状況に合わせて一貫してサポートします。,81,川口市西川口周辺の皆様へ、安心のお別れを。,1,10,https://kawaguchitenrei.com/area/nishikawaguchi/,,6,10,0,4706,143857
https://kawaguchitenrei.com/area/higashikawaguchi/,200,東川口の葬儀・家族葬 | 川口市東川口周辺で葬儀をお考えの方へ | 川口典礼,38,川口市東川口周辺で葬儀・家族葬・直葬・一日葬をお考えの方へ。川口典礼では、搬送・安置・ご葬儀・川口市めぐりの森での火葬まで、状況に合わせて一貫してサポートします。,81,川口市東川口周辺の皆様へ、心を込めて。,1,10,https://kawaguchitenrei.com/area/higashikawaguchi/,,6,10,0,4741,144024
https://kawaguchitenrei.com/area/kawaguchi-motogo/,200,川口元郷の葬儀・家族葬 | 川口市元郷周辺で葬儀をお考えの方へ | 川口典礼,38,川口市元郷周辺で葬儀・家族葬・直葬・一日葬をお考えの方へ。川口典礼では、搬送・安置・ご葬儀・川口市めぐりの森での火葬まで、状況に合わせて一貫してサポートします。,80,川口市元郷周辺の皆様へ、丁寧なお別れを。,1,10,https://kawaguchitenrei.com/area/kawaguchi-motogo/,,6,10,0,4727,143941
https://kawaguchitenrei.com/area/minami-hatogaya/,200,南鳩ヶ谷の葬儀・家族葬 | 川口市南鳩ヶ谷周辺で葬儀をお考えの方へ | 川口典礼,40,川口市南鳩ヶ谷周辺で葬儀・家族葬・直葬・一日葬をお考えの方へ。川口典礼では、搬送・安置・ご葬儀・川口市めぐりの森での火葬まで、状況に合わせて一貫してサポートします。,82,川口市南鳩ヶ谷周辺の皆様へ、心を込めて。,1,10,https://kawaguchitenrei.com/area/minami-hatogaya/,,6,10,0,4743,144034
https://kawaguchitenrei.com/area/tozuka-angyo/,200,戸塚安行の葬儀・家族葬 | 川口市戸塚・安行周辺で葬儀をお考えの方へ | 川口典礼,41,川口市戸塚・安行周辺で葬儀・家族葬・直葬・一日葬をお考えの方へ。川口典礼では、搬送・安置・ご葬儀・川口市めぐりの森での火葬まで、状況に合わせて一貫してサポートします。,83,川口市戸塚・安行周辺の皆様へ、安心のお別れを。,1,10,https://kawaguchitenrei.com/area/tozuka-angyo/,,6,10,0,4795,145773
https://kawaguchitenrei.com/area/kamine/,200,神根の葬儀・家族葬 | 川口市神根周辺で葬儀をお考えの方へ | 川口典礼,36,川口市神根周辺で葬儀・家族葬・直葬・一日葬をお考えの方へ。川口典礼では、搬送・安置・ご葬儀・川口市めぐりの森での火葬まで、状況に合わせて一貫してサポートします。,80,川口市神根周辺の皆様へ、丁寧なお別れを。,1,10,https://kawaguchitenrei.com/area/kamine/,,6,10,0,4620,143371
https://kawaguchitenrei.com/area/shingo/,200,新郷の葬儀・家族葬 | 川口市新郷周辺で葬儀をお考えの方へ | 川口典礼,36,川口市新郷周辺で葬儀・家族葬・直葬・一日葬をお考えの方へ。川口典礼では、搬送・安置・ご葬儀・川口市めぐりの森での火葬まで、状況に合わせて一貫してサポートします。,80,川口市新郷周辺の皆様へ、安心のお別れを。,1,10,https://kawaguchitenrei.com/area/shingo/,,6,10,0,4627,143409
https://kawaguchitenrei.com/area/shiba/,200,芝の葬儀・家族葬 | 川口市芝周辺で葬儀をお考えの方へ | 川口典礼,34,川口市芝周辺で葬儀・家族葬・直葬・一日葬をお考えの方へ。川口典礼では、搬送・安置・ご葬儀・川口市めぐりの森での火葬まで、状況に合わせて一貫してサポートします。,79,川口市芝周辺の皆様へ、心を込めて。,1,10,https://kawaguchitenrei.com/area/shiba/,,6,10,0,4567,143169
https://kawaguchitenrei.com/area/angyo/,200,安行の葬儀・家族葬 | 川口市安行(植木の里)周辺で葬儀をお考えの方へ | 川口典礼,42,川口市安行(植木の里として知られる地域)周辺で葬儀・家族葬・直葬・一日葬をお考えの方へ。川口典礼では、搬送・安置・ご葬儀・川口市めぐりの森での火葬まで、状況に合わせて一貫してサポートします。,95,川口市安行地区の皆様へ、丁寧なお別れを。,1,10,https://kawaguchitenrei.com/area/angyo/,,6,10,0,4665,143597
https://kawaguchitenrei.com/area/kamiaoki/,200,上青木の葬儀・家族葬 | 川口市上青木周辺で葬儀をお考えの方へ | 川口典礼,38,川口市上青木周辺で葬儀・家族葬・直葬・一日葬をお考えの方へ。川口典礼では、搬送・安置・ご葬儀・川口市めぐりの森での火葬まで、状況に合わせて一貫してサポートします。,81,川口市上青木周辺の皆様へ、安心のお別れを。,1,10,https://kawaguchitenrei.com/area/kamiaoki/,,6,10,0,4598,143248
https://kawaguchitenrei.com/area/aoki/,200,青木の葬儀・家族葬 | 川口市青木周辺で葬儀をお考えの方へ | 川口典礼,36,川口市青木周辺で葬儀・家族葬・直葬・一日葬をお考えの方へ。川口典礼では、搬送・安置・ご葬儀・川口市めぐりの森での火葬まで、状況に合わせて一貫してサポートします。,80,川口市青木周辺の皆様へ、心を込めて。,1,10,https://kawaguchitenrei.com/area/aoki/,,6,10,0,4570,143120
https://kawaguchitenrei.com/hall/kawaguchi-memorial-hall/,200,川口メモリアルホール | 川口典礼の自社ホール,23,川口メモリアルホールは、川口市めぐりの森まで車で5分・駐車場70台完備の自社葬儀ホール。家族葬から200名規模の一般葬まで対応。創業20年・年間約260件の施行実績。見学・事前相談は24時間受付。,98,川口メモリアルホール,1,8,https://kawaguchitenrei.com/hall/kawaguchi-memorial-hall/,,6,11,0,3201,127637
https://kawaguchitenrei.com/saijo/,200,川口市・近隣の葬儀場・斎場一覧｜川口典礼,20,川口市・近隣で利用できる葬儀場を一覧でご案内。川口メモリアルホール、川口市めぐりの森、戸田葬祭場、谷塚斎場に加え、朝日・本町・上青木・安行・南鳩ヶ谷・新郷など川口市内の寺院会館・民営式場をエリア別にご紹介。川口典礼でご相談・手配に対応しています。,123,川口市・近隣で利用できる葬儀場一覧,1,6,https://kawaguchitenrei.com/saijo/,,6,5,0,7276,210808
https://kawaguchitenrei.com/saijo/megurinomori/,200,川口市めぐりの森（火葬場） | 川口市の葬儀・家族葬・直葬 | 川口典礼,36,川口市めぐりの森は川口市営の火葬場です。通夜・告別式を行う式場は併設されていません。川口典礼では、川口メモリアルホールでの家族葬・一日葬・直葬から、川口市めぐりの森での火葬まで一貫してお手伝いします。,100,川口市めぐりの森（火葬場）での葬儀・火葬のご相談,1,15,https://kawaguchitenrei.com/saijo/megurinomori/,,6,10,0,6024,182213
https://kawaguchitenrei.com/saijo/toda-sousaijyo/,200,戸田葬祭場 | 東京都板橋区の火葬場併設斎場 | 川口典礼,29,戸田葬祭場(戸田斎場)は東京都板橋区舟渡の火葬場併設斎場です。光の間・せせらぎの間・思食の間の3式場と複数の火葬炉・待合室を備えます。川口典礼では戸田葬祭場でのご葬儀の手配・搬送・安置・火葬予約・当日の進行を一貫してサポートします。,116,戸田葬祭場での葬儀・火葬のご相談,1,16,https://kawaguchitenrei.com/saijo/toda-sousaijyo/,,6,19,0,6008,216077
https://kawaguchitenrei.com/saijo/yatsuka-saijo/,200,谷塚斎場 | 埼玉県草加市の火葬場併設斎場 | 川口典礼,28,谷塚斎場は埼玉県草加市瀬崎の火葬場併設斎場です。東館・すばる・西館・南館・星館の5式場と、特別殯館・特別室・最上等の火葬炉、待合室を備えています。川口典礼では谷塚斎場でのご葬儀の手配・搬送・安置・火葬予約・当日の進行をサポートします。,117,谷塚斎場での葬儀・火葬のご相談,1,16,https://kawaguchitenrei.com/saijo/yatsuka-saijo/,,6,18,0,6885,222608
https://kawaguchitenrei.com/saijo/machiya-saijo/,200,町屋斎場での葬儀・家族葬のご相談 | 施行実績のある斎場 | 川口典礼,35,町屋斎場での葬儀・家族葬のご相談なら川口典礼へ。東京博善が運営する荒川区の火葬場併設斎場でのお見送りについて、式場の空き状況や料金を確認しながらご案内します。,79,町屋斎場での葬儀・家族葬のご相談,1,13,https://kawaguchitenrei.com/saijo/machiya-saijo/,,6,8,0,6113,185084
https://kawaguchitenrei.com/contact/,200,事前相談・お問い合わせ | 川口典礼,18,川口典礼の事前相談・ホール見学・費用相談などのお問い合わせフォーム。24時間365日のお電話受付も可能。川口市・新井宿の地域密着葬儀社。,68,事前相談・ホール見学・費用相談を承ります。,1,2,https://kawaguchitenrei.com/contact/,,0,0,0,1408,40839
https://kawaguchitenrei.com/estimate/,200,葬儀費用の概算見積り | 川口典礼,17,川口市・新井宿の川口典礼で、葬儀費用の概算を相談いただけます。葬儀形式・人数・斎場・お料理・返礼品などをお聞きし、ご担当者より概算金額をご案内します。,75,ご希望をうかがって、概算金額をご案内します。,1,2,https://kawaguchitenrei.com/estimate/,,0,0,0,1617,52478
https://kawaguchitenrei.com/column/,200,コラム一覧 | 川口典礼,12,川口典礼のコラム一覧ページです。葬儀の準備、事前相談、家族葬・直葬・一日葬の違いなど、ご家族の判断の助けになる情報をお届けします。,65,ご家族の判断の、助けになる読みもの。,1,12,https://kawaguchitenrei.com/column/,,4,47,0,8197,298920
https://kawaguchitenrei.com/case/,200,川口市の施行事例 | 川口典礼の家族葬・一日葬・直葬の実例 | 川口典礼,36,川口市で施行した葬儀事例をご紹介しています。家族葬・一日葬・直葬・火葬式の形式別に、参列人数・式場・内容・総額の例を掲載。事例の総額は内容・人数・式場・火葬場・料理・返礼品等により変わるため、事前のご相談で個別にお見積りをご案内します。,118,実際の葬儀事例を、費用・内容とあわせて。,1,15,https://kawaguchitenrei.com/case/,,6,11,0,3933,142213
https://kawaguchitenrei.com/voice/,200,川口の葬儀・家族葬 お客様の声｜川口典礼,20,川口市で川口典礼にご葬儀をご依頼いただいたご家族の声を掲載。家族葬・一日葬・直葬などのご感想と、お客様アンケートをご紹介しています。,66,ご利用いただいたご家族のお声。,1,1,https://kawaguchitenrei.com/voice/,,4,30,0,6994,171826
https://kawaguchitenrei.com/faq/,200,よくある質問 | 川口典礼,13,川口典礼によくいただくご質問を、急なご葬儀・費用・プラン・斎場・事前相談・対応エリア・葬儀後サポートの7カテゴリに整理しました。川口市・新井宿の地域密着葬儀社。,80,葬儀前によくいただく、ご質問。,1,9,https://kawaguchitenrei.com/faq/,,2,0,0,4460,123017
https://kawaguchitenrei.com/access/,200,アクセス | 川口典礼,11,川口典礼・川口メモリアルホール(埼玉県川口市西新井宿440-1)へのアクセスをご案内します。お車・電車・タクシーでのアクセス、駐車場、川口市めぐりの森との位置関係も。事前相談・ホール見学は24時間365日受付。,105,川口典礼・川口メモリアルホール。,1,4,https://kawaguchitenrei.com/access/,,4,0,0,1403,53259
https://kawaguchitenrei.com/pet/,200,ペット火葬 川口市｜流れ・お立ち会い・収骨のご相談｜川口典礼,30,川口市周辺でペット火葬をお考えの方へ。お立ち会い・収骨・日程など、お見送りの流れを個別にご案内します。対応可否や費用はペットの大きさやご希望により異なるため、まずはお電話またはお問い合わせフォームよりお気軽にご相談ください。,112,川口市のペット火葬のご相談,1,2,https://kawaguchitenrei.com/pet/,,2,0,0,1197,32598
https://kawaguchitenrei.com/company/,200,川口の葬儀社 川口典礼｜会社概要・創業20年・年間約260件,30,川口典礼は、埼玉県川口市西新井宿の地域密着葬儀社です。川口メモリアルホールを拠点に、家族葬・一日葬・直葬・川口市民葬まで対応。創業20年・年間約260件の施行実績。24時間365日受付。,93,川口市・新井宿の、地域密着葬儀社です。,1,6,https://kawaguchitenrei.com/company/,,4,0,0,1854,68378
https://kawaguchitenrei.com/privacy/,200,プライバシーポリシー | 川口典礼,17,川口典礼のプライバシーポリシーです。お客様からお預かりする個人情報の取扱い方針についてご案内します。,50,個人情報の取扱いについて。,1,8,https://kawaguchitenrei.com/privacy/,,0,0,0,1483,33064
https://kawaguchitenrei.com/tokushoho/,200,特定商取引法に基づく表記 | 川口典礼,19,川口典礼の特定商取引法に基づく表記です。販売事業者、所在地、電話、サービス内容、お支払いについてご案内します。,55,事業者情報の表記。,1,0,https://kawaguchitenrei.com/tokushoho/,,0,0,0,1265,35876
https://kawaguchitenrei.com/sitemap/,200,サイトマップ | 川口典礼,13,川口典礼サイト内のページ一覧です。葬儀プラン、施行事例、お客様の声、コラム、斎場・対応エリア、お問い合わせなど、目的のページを探しやすくご案内します。,75,サイト内のページ一覧。,1,9,https://kawaguchitenrei.com/sitemap/,,0,0,0,3471,189689
https://kawaguchitenrei.com/plan/family-funeral/,200,川口市の家族葬 | 1日1組貸切の川口メモリアルホール | 川口典礼,34,"川口市で家族葬をお考えなら、創業20年・年間約260件の川口典礼。1日1組貸切の川口メモリアルホールでのお別れから、川口市めぐりの森での火葬まで一貫サポート。参列10〜30名の目安、事前相談会員価格528,000円(税込)〜、24時間365日受付。",124,川口市の家族葬プラン,1,10,https://kawaguchitenrei.com/plan/family-funeral/,,6,1,0,6294,175034
https://kawaguchitenrei.com/plan/oneday-funeral/,200,川口市の一日葬 | 通夜を行わない葬儀のご相談 | 川口典礼,30,"川口市で一日葬をご検討の方へ。川口典礼では、通夜を行わず告別式と火葬を1日で執り行う形のご相談を承ります。川口メモリアルホールでのお別れから、川口市めぐりの森での火葬まで一貫してサポート。事前相談会員価格396,000円(税込)〜。24時間365日対応。",127,一日葬プラン,1,10,https://kawaguchitenrei.com/plan/oneday-funeral/,,6,1,0,5160,157452
https://kawaguchitenrei.com/plan/cremation/,200,川口市の火葬式 | 通夜・告別式を行わないお別れのご相談 | 川口典礼,35,川口市で火葬式をご検討の方へ。通夜・告別式を行わず、火葬を中心にお見送りする形のご相談を承ります。川口メモリアルホールでのお別れ・面会、川口市めぐりの森での火葬まで川口典礼がサポートします。,95,火葬式,1,10,https://kawaguchitenrei.com/plan/cremation/,,6,0,0,4499,139932
https://kawaguchitenrei.com/plan/direct-funeral/,200,川口市の直葬 | 川口市めぐりの森での火葬まで | 川口典礼,30,"川口市で直葬をご検討の方へ。川口典礼では、ご搬送・ご安置・打ち合わせから、川口市めぐりの森での火葬まで一貫してご相談いただけます。事前相談会員価格139,000円(税込)〜。24時間365日対応。",98,直葬プラン,1,11,https://kawaguchitenrei.com/plan/direct-funeral/,,6,1,0,4943,151459
https://kawaguchitenrei.com/plan/kawaguchi-shimin/,200,川口市民葬プラン | 川口市の葬祭事業 | 川口典礼,26,川口市民葬(葬祭事業)は、川口市民の方が川口市めぐりの森で火葬を行う場合に利用できる制度です。仕様1・仕様2の違いや別途必要になる費用、申請手続きまで川口典礼がご相談を承ります。,89,川口市民葬プラン,1,11,https://kawaguchitenrei.com/plan/kawaguchi-shimin/,,6,1,0,4262,132085
https://kawaguchitenrei.com/plan/hanaire-owakare/,200,川口市の花入れお別れプラン（火葬前のお別れ）| 川口典礼,28,"川口典礼の花入れお別れプランは、火葬前にお花を手向けるお別れの時間を設けるプランです。直葬プランよりも丁寧に、ご家族中心でお見送りしたい方に。事前相談会員価格 229,000円(税込)。",93,花入れお別れプラン,1,7,https://kawaguchitenrei.com/plan/hanaire-owakare/,,6,1,0,2945,100578
https://kawaguchitenrei.com/plan/non-religious-funeral/,200,川口市の無宗教葬 | 宗教者を呼ばないお別れのご相談 | 川口典礼,33,川口市で無宗教葬をご検討の方へ。川口典礼では、献花・黙祷・思い出の紹介など、ご家族らしいお別れの形をご相談いただけます。川口メモリアルホールでのお別れから、川口市めぐりの森での火葬までサポートします。,100,川口市の無宗教葬,1,13,https://kawaguchitenrei.com/plan/non-religious-funeral/,,6,1,0,5522,135710
https://kawaguchitenrei.com/case/kawaguchi-church-catholic-20-oneday-800k/,200,川口教会で行った、20名のカトリック式 一日葬 | 川口典礼 施行事例,35,"川口教会で行った20名のカトリック式 一日葬の事例。費用 800,000円(税込)。川口典礼ではキリスト教式のご葬儀にも対応します。",66,川口教会で行った、20名のカトリック式 一日葬,1,5,https://kawaguchitenrei.com/case/kawaguchi-church-catholic-20-oneday-800k/,,4,4,0,1589,73713
https://kawaguchitenrei.com/case/kawaguchi-memorial-buddhist-20-oneday-1100k/,200,川口メモリアルホールで行った、20名の仏式 一日葬 | 川口典礼 施行事例,37,"川口メモリアルホールで行った20名の仏式 一日葬の事例。費用 1,100,000円(税込)。川口典礼の一日葬の内容と費用感をご紹介します。",69,川口メモリアルホールで行った、20名の仏式 一日葬,1,5,https://kawaguchitenrei.com/case/kawaguchi-memorial-buddhist-20-oneday-1100k/,,4,4,0,1583,73798
https://kawaguchitenrei.com/case/kawaguchi-memorial-buddhist-20-oneday-1500k/,200,川口メモリアルホールで行った、20名の仏式 一日葬(祭壇拡充) | 川口典礼 施行事例,43,"川口メモリアルホールで行った20名の仏式 一日葬の事例(祭壇拡充)。費用 1,500,000円(税込)。川口典礼の一日葬の祭壇仕様をご紹介します。",73,川口メモリアルホールで行った、20名の仏式 一日葬(祭壇拡充),1,5,https://kawaguchitenrei.com/case/kawaguchi-memorial-buddhist-20-oneday-1500k/,,4,4,0,1596,73922
https://kawaguchitenrei.com/case/sangakuin-gokurakuden-buddhist-800-company-contact/,200,三学院 極楽殿で行った、800名規模の社葬 | 川口典礼 施行事例,33,三学院 極楽殿で行った800名規模の社葬の事例。費用はお問い合わせください。川口典礼では社葬・大規模葬のお手伝いも承ります。,62,三学院 極楽殿で行った、800名規模の社葬,1,5,https://kawaguchitenrei.com/case/sangakuin-gokurakuden-buddhist-800-company-contact/,,4,4,0,1550,68731
https://kawaguchitenrei.com/case/machiya-saijo-buddhist-20-family-1200k/,200,町屋斎場で行った、20名の家族葬 | 川口典礼 施行事例,28,"町屋斎場で行った20名の家族葬の事例。仏式・費用 1,200,000円(税込)。川口典礼は東京都内の斎場でのご葬儀にも対応します。",65,町屋斎場で行った、20名の家族葬,1,5,https://kawaguchitenrei.com/case/machiya-saijo-buddhist-20-family-1200k/,,4,4,0,1568,75041
https://kawaguchitenrei.com/case/yatsuka-saijo-buddhist-20-family-1200k/,200,谷塚斎場で行った、20名の家族葬 | 川口典礼 施行事例,28,"谷塚斎場で行った20名の家族葬の事例。仏式・費用 1,200,000円(税込)。川口典礼は谷塚斎場・草加市でのご葬儀にも対応します。",66,谷塚斎場で行った、20名の家族葬,1,5,https://kawaguchitenrei.com/case/yatsuka-saijo-buddhist-20-family-1200k/,,4,4,0,1562,75037
https://kawaguchitenrei.com/case/kawaguchi-memorial-friend-10-oneday-570k/,200,川口メモリアルホールで行った、10名の友人葬 一日葬 | 川口典礼 施行事例,38,"川口メモリアルホールで行った10名の友人葬 一日葬の事例。費用 570,000円(税込)。川口典礼は友人葬の形式にも対応します。",64,川口メモリアルホールで行った、10名の友人葬 一日葬,1,5,https://kawaguchitenrei.com/case/kawaguchi-memorial-friend-10-oneday-570k/,,4,4,0,1572,73539
https://kawaguchitenrei.com/case/home-buddhist-10-oneday-1600k/,200,ご自宅で行った、10名の仏式 一日葬 | 川口典礼 施行事例,30,"ご自宅でのお別れを中心に行った10名の仏式 一日葬の事例。費用 1,600,000円(税込)。川口典礼はご自宅でのお別れの時間にも丁寧に対応します。",74,ご自宅で行った、10名の仏式 一日葬,1,5,https://kawaguchitenrei.com/case/home-buddhist-10-oneday-1600k/,,4,4,0,1554,73192
https://kawaguchitenrei.com/case/kawaguchi-memorial-buddhist-20-family-1100k/,200,川口メモリアルホールで行った、20名の仏式 家族葬 | 川口典礼 施行事例,37,"川口メモリアルホールで行った20名の仏式 家族葬の事例。費用 1,100,000円(税込)。川口典礼の家族葬の費用と流れをご紹介します。",68,川口メモリアルホールで行った、20名の仏式 家族葬,1,5,https://kawaguchitenrei.com/case/kawaguchi-memorial-buddhist-20-family-1100k/,,4,4,0,1630,75499
https://kawaguchitenrei.com/case/kawaguchi-memorial-buddhist-20-oneday-580k/,200,川口メモリアルホールで行った、20名の仏式 一日葬(少人数規模) | 川口典礼 施行事例,44,"川口メモリアルホールで行った20名の仏式 一日葬の事例(少人数規模)。費用 580,000円(税込)。川口典礼の一日葬の最小構成をご紹介します。",72,川口メモリアルホールで行った、20名の仏式 一日葬(少人数規模),1,5,https://kawaguchitenrei.com/case/kawaguchi-memorial-buddhist-20-oneday-580k/,,4,4,0,1583,73763
https://kawaguchitenrei.com/case/yatsuka-buddhist-400-company-contact/,200,谷塚斎場で行った、400名規模の社葬 | 川口典礼 施行事例,30,谷塚斎場で行った400名規模の社葬の事例。費用はお問い合わせください。川口典礼では社葬・大規模葬のお手伝いも承ります。,59,谷塚斎場で行った、400名規模の社葬,1,5,https://kawaguchitenrei.com/case/yatsuka-buddhist-400-company-contact/,,4,4,0,1535,68218
https://kawaguchitenrei.com/voice/oneday-careful-guidance/,200,親身に対応していただき、大変助かりました。 | 川口典礼 お客様の声,34,川口典礼でご葬儀を執り行ったご家族の声。「親身になって対応していただき、大変助かりました」というご感想を、手書きアンケートとともに掲載しています。,73,,0,3,https://kawaguchitenrei.com/voice/oneday-careful-guidance/,,6,1,0,1036,43900
https://kawaguchitenrei.com/voice/cremation-clear-pricing/,200,初めてで不安でしたが、安心して終えることができました。 | 川口典礼 お客様の声,40,川口典礼でご葬儀を執り行ったご家族の声。「初めてで不安でしたが、親切に教えていただき、安心して終えることができました」というご感想を、手書きアンケートとともに掲載しています。,87,,0,3,https://kawaguchitenrei.com/voice/cremation-clear-pricing/,,6,1,0,1016,43962
https://kawaguchitenrei.com/voice/family-funeral-warm/,200,丁寧な説明と心づかいで安心できました。 | 川口典礼 お客様の声,32,川口典礼でご葬儀を執り行ったご家族の声。「シンプルな直葬で、丁寧な説明と心づかいで安心して見送ることができました」というご感想を、手書きアンケートとともに掲載しています。,85,,0,3,https://kawaguchitenrei.com/voice/family-funeral-warm/,,6,1,0,999,43785
https://kawaguchitenrei.com/voice/direct-funeral-home-time/,200,落ち着いて故人を見送ることができました。 | 川口典礼 お客様の声,33,川口典礼でご葬儀を執り行ったご家族の声。「親身に対応いただき、落ち着いて故人を見送ることができました」というご感想を、手書きアンケートとともに掲載しています。,79,,0,3,https://kawaguchitenrei.com/voice/direct-funeral-home-time/,,6,1,0,1029,43927
https://kawaguchitenrei.com/voice/caring-support-farewell/,200,親身なサポートのおかげで、心安らかに見送れました。 | 川口典礼 お客様の声,38,川口典礼でご葬儀を執り行ったご家族の声。「親身なサポートのおかげで、心安らかに見送ることができました」というご感想を、手書きアンケートとともに掲載しています。,79,,0,3,https://kawaguchitenrei.com/voice/caring-support-farewell/,,6,1,0,1053,44036
https://kawaguchitenrei.com/voice/20250521_k_001/,200,親切で、相続関係の話も親身にのっていただきました。 | 川口典礼 お客様の声,38,川口典礼でご葬儀を執り行ったご家族の声。「親切で、葬儀後の相続関係の話も親身にのっていただきました」というご感想を、手書きアンケートとともに掲載しています。,78,,0,3,https://kawaguchitenrei.com/voice/20250521_k_001/,,6,1,0,1009,43967
https://kawaguchitenrei.com/voice/20240521__kasoou2/,200,丁寧に対応していただき、ありがとうございました。 | 川口典礼 お客様の声,37,川口典礼でご葬儀を執り行ったご家族の声。「丁寧に対応していただきありがとうございました」というご感想を、手書きアンケートとともに掲載しています。,72,,0,3,https://kawaguchitenrei.com/voice/20240521__kasoou2/,,6,1,0,1071,44294
https://kawaguchitenrei.com/voice/20240812_kazokusou/,200,親身に対応くださり、頼りになりました。 | 川口典礼 お客様の声,32,川口典礼でご葬儀を執り行ったご家族の声。「親身に対応くださり、頼りになりました」というご感想を、手書きアンケートとともに掲載しています。,68,,0,3,https://kawaguchitenrei.com/voice/20240812_kazokusou/,,6,1,0,1228,44813
https://kawaguchitenrei.com/voice/20240602_k/,200,迅速で素晴らしい対応に、他の方にも勧めたいと思いました。 | 川口典礼 お客様の声,41,川口典礼でご葬儀を執り行ったご家族の声。「迅速で素晴らしい対応に、他の方にも勧めたいと思いました」というご感想を、手書きアンケートとともに掲載しています。,77,,0,3,https://kawaguchitenrei.com/voice/20240602_k/,,6,1,0,1074,44169
https://kawaguchitenrei.com/voice/20240604_kk/,200,誠実に対応していただき、お世話になりました。 | 川口典礼 お客様の声,35,川口典礼でご葬儀を執り行ったご家族の声。「誠実に対応していただき、お世話になりました」というご感想を、手書きアンケートとともに掲載しています。,71,,0,3,https://kawaguchitenrei.com/voice/20240604_kk/,,6,1,0,1015,43862
https://kawaguchitenrei.com/voice/20240608_ichi/,200,心づかいの細かい対応で、安心できました。 | 川口典礼 お客様の声,33,川口典礼でご葬儀を執り行ったご家族の声。「心づかいの細かい対応で安心できました」というご感想を、手書きアンケートとともに掲載しています。,68,,0,3,https://kawaguchitenrei.com/voice/20240608_ichi/,,6,1,0,1217,44633
https://kawaguchitenrei.com/voice/20240617_ichi/,200,丁寧でわかりやすい対応に感謝しています。 | 川口典礼 お客様の声,33,川口典礼でご葬儀を執り行ったご家族の声。「丁寧でわかりやすい対応に感謝しています」というご感想を、手書きアンケートとともに掲載しています。,69,,0,3,https://kawaguchitenrei.com/voice/20240617_ichi/,,6,1,0,1045,44066
https://kawaguchitenrei.com/voice/20240619_ichi/,200,わからない事を丁寧に教えていただき、大変助かりました。 | 川口典礼 お客様の声,40,川口典礼でご葬儀を執り行ったご家族の声。「わからない事を丁寧に教えていただき、大変助かりました」というご感想を、手書きアンケートとともに掲載しています。,76,,0,3,https://kawaguchitenrei.com/voice/20240619_ichi/,,6,1,0,1026,44081
https://kawaguchitenrei.com/voice/2020603_ichi/,200,費用面も明確で、いいお葬式でした。 | 川口典礼 お客様の声,30,川口典礼でご葬儀を執り行ったご家族の声。「費用面も明確で、いいお葬式でした」というご感想を、手書きアンケートとともに掲載しています。,66,,0,3,https://kawaguchitenrei.com/voice/2020603_ichi/,,6,1,0,995,43692
https://kawaguchitenrei.com/voice/20240623_kazoku/,200,家族だけでしっかりとお別れができました。 | 川口典礼 お客様の声,33,川口典礼でご葬儀を執り行ったご家族の声。「家族だけでしっかりとお別れができました」というご感想を、手書きアンケートとともに掲載しています。,69,,0,3,https://kawaguchitenrei.com/voice/20240623_kazoku/,,6,1,0,1155,44500
https://kawaguchitenrei.com/voice/20240624_kasou/,200,わかりやすい料金と、客側に立った対応に決めました。 | 川口典礼 お客様の声,38,川口典礼でご葬儀を執り行ったご家族の声。「わかりやすい料金と、客側に立った対応に決めました」というご感想を、手書きアンケートとともに掲載しています。,74,,0,3,https://kawaguchitenrei.com/voice/20240624_kasou/,,6,1,0,1151,44588
https://kawaguchitenrei.com/voice/20240628_kazoku/,200,色々な案を出してくれ、相談しやすかったです。 | 川口典礼 お客様の声,35,川口典礼でご葬儀を執り行ったご家族の声。「色々な案を出してくれ、相談しやすかったです」というご感想を、手書きアンケートとともに掲載しています。,71,,0,3,https://kawaguchitenrei.com/voice/20240628_kazoku/,,6,1,0,1020,43960
https://kawaguchitenrei.com/voice/20240702/,200,心に寄り添ったお仕事で、安らかに見送ることができました。 | 川口典礼 お客様の声,41,川口典礼でご葬儀を執り行ったご家族の声。「心に寄り添ったお仕事で、安らかに見送ることができました」というご感想を、手書きアンケートとともに掲載しています。,77,,0,3,https://kawaguchitenrei.com/voice/20240702/,,6,1,0,1166,44508
https://kawaguchitenrei.com/voice/20270704_kazoku/,200,希望通りの葬儀になり、感謝しています。 | 川口典礼 お客様の声,32,川口典礼でご葬儀を執り行ったご家族の声。「希望通りの葬儀になり、感謝しています」というご感想を、手書きアンケートとともに掲載しています。,68,,0,3,https://kawaguchitenrei.com/voice/20270704_kazoku/,,6,1,0,1312,45061
https://kawaguchitenrei.com/voice/20240710_kazoku/,200,話を真剣に聞いてくれて、精神的に支えてもらいました。 | 川口典礼 お客様の声,39,川口典礼でご葬儀を執り行ったご家族の声。「話を真剣に聞いてくれて、精神的に支えてもらいました」というご感想を、手書きアンケートとともに掲載しています。,75,,0,3,https://kawaguchitenrei.com/voice/20240710_kazoku/,,6,1,0,1164,44588
https://kawaguchitenrei.com/voice/20240717_ippann/,200,遺族の心情に寄り添った式作りに、安心しました。 | 川口典礼 お客様の声,36,川口典礼でご葬儀を執り行ったご家族の声。「遺族の心情に寄り添った式作りに、安心しました」というご感想を、手書きアンケートとともに掲載しています。,72,,0,3,https://kawaguchitenrei.com/voice/20240717_ippann/,,6,1,0,1059,44142
https://kawaguchitenrei.com/voice/20240716_kasou/,200,細かい説明と明瞭な金額で、安心してお願いできました。 | 川口典礼 お客様の声,39,川口典礼でご葬儀を執り行ったご家族の声。「細かい説明と明瞭な金額で、安心してお願いできました」というご感想を、手書きアンケートとともに掲載しています。,75,,0,3,https://kawaguchitenrei.com/voice/20240716_kasou/,,6,1,0,1077,44233
https://kawaguchitenrei.com/voice/tq4nrjZa/,200,丁寧に対応していただき、ありがとうございました。 | 川口典礼 お客様の声,37,川口典礼でご葬儀を執り行ったご家族の声。「丁寧に対応していただき、ありがとうございました」というご感想を、手書きアンケートとともに掲載しています。,73,,0,3,https://kawaguchitenrei.com/voice/tq4nrjZa/,,6,1,0,1040,43939
https://kawaguchitenrei.com/voice/20250721/,200,親切丁寧な対応と分かりやすい説明に助かりました。 | 川口典礼 お客様の声,37,川口典礼でご葬儀を執り行ったご家族の声。「親切丁寧な対応と分かりやすい説明に助かりました」というご感想を、手書きアンケートとともに掲載しています。,73,,0,3,https://kawaguchitenrei.com/voice/20250721/,,6,1,0,1035,43906
https://kawaguchitenrei.com/voice/20240721/,200,細やかな気配りに、本当に助かりました。 | 川口典礼 お客様の声,32,川口典礼でご葬儀を執り行ったご家族の声。「細やかな気配りに、本当に助かりました」というご感想を、手書きアンケートとともに掲載しています。,68,,0,3,https://kawaguchitenrei.com/voice/20240721/,,6,1,0,1054,43887
https://kawaguchitenrei.com/voice/20240730_ichi/,200,相談側に寄り添ってくださり、安心して当日を迎えられました。 | 川口典礼 お客様の声,42,川口典礼でご葬儀を執り行ったご家族の声。「相談側に寄り添ってくださり、安心して当日を迎えられました」というご感想を、手書きアンケートとともに掲載しています。,78,,0,3,https://kawaguchitenrei.com/voice/20240730_ichi/,,6,1,0,1211,44834
https://kawaguchitenrei.com/voice/20240730/,200,祭壇も立派で、新しい形の葬儀に感動しました。 | 川口典礼 お客様の声,35,川口典礼でご葬儀を執り行ったご家族の声。「祭壇も立派で、新しい形の葬儀に感動しました」というご感想を、手書きアンケートとともに掲載しています。,71,,0,3,https://kawaguchitenrei.com/voice/20240730/,,6,1,0,1005,43760
https://kawaguchitenrei.com/voice/20250912/,200,親切で熱心に教えていただき、参考になりました。 | 川口典礼 お客様の声,36,川口典礼でご葬儀を執り行ったご家族の声。「親切で熱心に教えていただき、参考になりました」というご感想を、手書きアンケートとともに掲載しています。,72,,0,3,https://kawaguchitenrei.com/voice/20250912/,,6,1,0,1127,44274
https://kawaguchitenrei.com/voice/ckgS6F6p/,200,皆さん親切で、川口典礼に頼んで良かったです。 | 川口典礼 お客様の声,35,川口典礼でご葬儀を執り行ったご家族の声。「皆さん親切で、川口典礼に頼んで良かったです」というご感想を、手書きアンケートとともに掲載しています。,71,,0,3,https://kawaguchitenrei.com/voice/ckgS6F6p/,,6,1,0,1047,43941
https://kawaguchitenrei.com/voice/2020914ippan/,200,丁寧な説明と料金の透明さで、安心してお願いできました。 | 川口典礼 お客様の声,40,川口典礼でご葬儀を執り行ったご家族の声。「丁寧な説明と料金の透明さで、安心してお願いできました」というご感想を、手書きアンケートとともに掲載しています。,76,,0,3,https://kawaguchitenrei.com/voice/2020914ippan/,,6,1,0,1126,44402
https://kawaguchitenrei.com/column/kouden_souba/,200,香典の相場は？関係性や年齢による葬儀・法要での香典金額の違い | 川口典礼 コラム,41,香典の相場を、故人との関係性や年齢別に解説。葬儀・一周忌の親族／友人／職場関係者の金額目安、香典袋の選び方、宗派別の表書きまで、ご家族が安心して準備できる内容をまとめています。,88,香典の相場は？関係性や年齢による葬儀・法要での香典金額の違い,1,10,https://kawaguchitenrei.com/column/kouden_souba/,,4,11,0,3743,168965
https://kawaguchitenrei.com/column/yonaka/,200,深夜・早朝に大切な方を看取ったら──葬儀日程を決める6つのポイント | 川口典礼 コラム,44,深夜・早朝にご逝去された場合の葬儀日程の決め方を、当日通夜の条件、火葬場・式場・菩提寺・親族の調整、よくあるトラブルと回避策まで整理。川口典礼は24時間365日対応で迅速にサポートします。,94,深夜・早朝に大切な方を看取ったら──葬儀日程を決める6つのポイント,1,9,https://kawaguchitenrei.com/column/yonaka/,,4,11,0,3619,134610
https://kawaguchitenrei.com/column/meguri/,200,川口市 めぐりの森での葬儀は――火葬場と式場をどう選ぶ？ | 川口典礼 コラム,39,川口市の公営火葬場「めぐりの森」は火葬専用で、通夜・告別式は別会場で行います。近隣の寺院会館と、火葬場まで車で約5分の川口メモリアルホールを中心に、式場選びのポイントを川口典礼が解説します。,95,川口市 めぐりの森での葬儀は――火葬場と式場をどう選ぶ？,1,8,https://kawaguchitenrei.com/column/meguri/,,4,11,0,3312,130676
https://kawaguchitenrei.com/column/kawaguchi_kazokusou/,200,川口市における家族葬の流れとは？ | 川口典礼 コラム,27,川口市で家族葬を検討中の方に向けて、ご逝去直後の対応から打ち合わせ、死亡届・火葬許可、通夜・告別式、火葬・収骨までの流れを解説。事前準備のポイントとあわせて、川口典礼がご案内します。,91,川口市における家族葬の流れとは？,1,6,https://kawaguchitenrei.com/column/kawaguchi_kazokusou/,,4,11,0,3677,129272
https://kawaguchitenrei.com/column/hansou/,200,遺体搬送の流れと料金｜川口市でスムーズに手続きするための事前準備 | 川口典礼 コラム,43,病院・施設・ご自宅・警察署など場所別の遺体搬送の流れと料金、川口市での注意点を整理。火葬まで原則24時間必要なルール、病院から紹介される葬儀社の断り方、24時間搬送相談まで川口典礼が解説します。,97,遺体搬送の流れと料金｜川口市でスムーズに手続きするための事前準備,1,15,https://kawaguchitenrei.com/column/hansou/,,4,11,0,4713,148644
https://kawaguchitenrei.com/column/sougisya/,200,【川口市】葬儀社とは？川口典礼ができること|家族葬・一日葬・直葬の流れと選び方 | 川口典礼 コラム,50,葬儀社の役割と、川口典礼ができる搬送・安置・式場手配・火葬予約・当日運営・葬儀後サポートまでの実務を解説。見積トラブル予防のチェックポイントもまとめました。,78,【川口市】葬儀社とは？川口典礼ができること|家族葬・一日葬・直葬の流れと選び方,1,9,https://kawaguchitenrei.com/column/sougisya/,,4,11,0,5246,141031
https://kawaguchitenrei.com/column/sougidai/,200,川口市で安い葬儀を実現する方法|家族葬・一日葬・直葬と市の制度を上手に使う | 川口典礼 コラム,48,川口市で葬儀費用を抑える6つの方法を、葬儀形式の見直し、葬祭事業、葬祭費5万円、預貯金・香典の活用、不要オプション整理、見積比較まで川口典礼が解説します。,77,川口市で安い葬儀を実現する方法|家族葬・一日葬・直葬と市の制度を上手に使う,1,13,https://kawaguchitenrei.com/column/sougidai/,,4,16,0,7619,198937
https://kawaguchitenrei.com/column/hojokin/,200,葬儀の補助金はいくらもらえる|川口市で受け取れるお金・申請先・注意点まとめ | 川口典礼 コラム,48,川口市で利用できる葬儀関連の補助制度(葬祭費5万円、埋葬料5万円、葬祭扶助、川口市の葬祭事業)を整理。加入していた保険ごとに変わる制度と、申請先・必要書類のポイントを川口典礼が解説します。,94,葬儀の補助金はいくらもらえる|川口市で受け取れるお金・申請先・注意点まとめ,1,17,https://kawaguchitenrei.com/column/hojokin/,,4,12,0,7439,181661
https://kawaguchitenrei.com/column/mosyu/,200,川口市ではじめての葬儀を行う喪主様へ|事前準備と「決め方」がわかる完全ガイド | 川口典礼 コラム,49,川口市で初めて葬儀を行う喪主様に向けて、喪主の決め方、最初に決める5つ、火葬枠を基準とした日程の整理、喪主としての10の実務、よくある不安の解消法までを川口典礼が解説します。,87,川口市ではじめての葬儀を行う喪主様へ|事前準備と「決め方」がわかる完全ガイド,1,11,https://kawaguchitenrei.com/column/mosyu/,,4,11,0,5774,158532
https://kawaguchitenrei.com/column/sougi_flow/,200,葬儀・お葬式の流れとは？危篤から葬儀後の手続きまでをわかりやすく解説 | 川口典礼 コラム,45,危篤からご逝去、葬儀社への連絡、通夜・告別式、火葬、葬儀後の手続きまでを時系列で解説。葬儀形式の違いや費用の目安、宗教・宗派ごとの特徴も含め、川口典礼が分かりやすくまとめました。,89,葬儀・お葬式の流れとは？危篤から葬儀後の手続きまでをわかりやすく解説,1,11,https://kawaguchitenrei.com/column/sougi_flow/,,4,11,0,4302,172972
https://kawaguchitenrei.com/column/kazokusou/,200,家族葬を10人程度で行うと費用はいくらかかる？メリットや注意点も解説 | 川口典礼 コラム,45,10人程度の家族葬の費用の目安、内訳、費用を抑える方法、メリットと注意点を整理。家族葬と直葬・一日葬の違いもあわせて川口典礼が解説します。実際の金額は内容により変動するため、目安としてご活用ください。,100,家族葬を10人程度で行うと費用はいくらかかる？メリットや注意点も解説,1,14,https://kawaguchitenrei.com/column/kazokusou/,,4,11,0,3981,148301
https://kawaguchitenrei.com/column/Nofuneral/,200,「葬式をしない」という選択肢は本当にアリ？葬儀を望まない人が事前に準備すべきポイント | 川口典礼 コラム,53,「葬式をしない」選択肢について、法的義務(死亡届・火葬)と社会的配慮、生前の意思表示と葬儀社選定、直葬の流れ・メリット・デメリット、遺族側の注意点までを川口典礼が整理しました。,88,「葬式をしない」という選択肢は本当にアリ？葬儀を望まない人が事前に準備すべきポイント,1,10,https://kawaguchitenrei.com/column/Nofuneral/,,4,11,0,4188,147423
https://kawaguchitenrei.com/column/Byouinchou/,200,病院で死亡後すぐに直葬できる？川口市で火葬までの流れと注意点を解説 | 川口典礼 コラム,44,病院でご逝去後、直葬であっても法律で死亡後24時間以内の火葬は原則禁止。安置先の決定、死亡診断書の受領、火葬予約、川口市での直葬の流れと費用変動のポイントまで川口典礼が解説します。,90,病院で死亡後すぐに直葬できる？川口市で火葬までの流れと注意点を解説,1,14,https://kawaguchitenrei.com/column/Byouinchou/,,4,11,0,5728,163235
https://kawaguchitenrei.com/column/miaaou/,200,直葬と密葬の違いを徹底比較|費用・流れ・選び方(川口市) | 川口典礼 コラム,39,直葬(火葬式)と密葬の違いを、流れ・費用・向いているケースから比較表で整理。川口市めぐりの森を利用した日程設計や、揉めないための選び方チェックリストまで川口典礼が解説します。,87,直葬と密葬の違いを徹底比較|費用・流れ・選び方(川口市),1,16,https://kawaguchitenrei.com/column/miaaou/,,4,11,0,5389,163751
https://kawaguchitenrei.com/column/souzoku/,200,【2024年版】相続税や贈与税、税制改正で何が変わるのか？ | 川口典礼 コラム,40,2024年度の税制改正による相続税・贈与税の変更点(住宅取得等資金の贈与税非課税措置、財産債務調書制度、相続税と贈与税の一体化など)を整理。最新情報は税理士等の専門家にもご確認ください。,93,【2024年版】相続税や贈与税、税制改正で何が変わるのか？,1,11,https://kawaguchitenrei.com/column/souzoku/,,4,11,0,3824,139050
https://kawaguchitenrei.com/column/syuuha/,200,葬儀の宗派がわからない！迷ったときの解決策と選び方を解説 | 川口典礼 コラム,39,葬儀の宗派が決まらない場合の考え方を整理。実家や墓地に合わせる方法、代表的な宗派の特徴、無宗教葬という選択肢まで、川口典礼が宗旨・宗派を問わずご相談に対応します。,81,葬儀の宗派がわからない！迷ったときの解決策と選び方を解説,1,9,https://kawaguchitenrei.com/column/syuuha/,,4,11,0,3906,138099
https://kawaguchitenrei.com/column/yukan/,200,湯灌とは？意味・手順・マナーを詳しく解説 | 川口典礼 コラム,31,湯灌(ゆかん)は故人の体を清め、旅立ちの身支度を整える儀式です。意味や流れ、立ち会いのパターン、地域による違いまで川口典礼が解説。湯灌は必須ではなく、ご家族のご希望でお選びいただけます。,93,湯灌とは？意味・手順・マナーを詳しく解説,1,7,https://kawaguchitenrei.com/column/yukan/,,4,11,0,3650,126711
https://kawaguchitenrei.com/column/sousaihi/,200,葬儀後にもらえる「葬祭費」とは？支給条件・金額・申請方法を徹底解説 | 川口典礼 コラム,44,葬祭費は国民健康保険・後期高齢者医療制度の加入者が亡くなった場合の給付金。対象・金額の目安・申請先・期限・書類、直葬の場合の注意点を整理。最新情報は市区町村窓口でご確認ください。,89,葬儀後にもらえる「葬祭費」とは？支給条件・金額・申請方法を徹底解説,1,12,https://kawaguchitenrei.com/column/sousaihi/,,4,11,0,3812,134791
https://kawaguchitenrei.com/column/jitaku_sou/,200,自宅で行う家族葬とは？メリット・デメリット・マナーを徹底解説 | 川口典礼 コラム,41,自宅で行う家族葬(自宅葬)の特徴、葬儀社依頼と自前準備の違い、費用相場、メリット・デメリット、マナーや近隣配慮の注意点まで川口典礼が解説します。,72,自宅で行う家族葬とは？メリット・デメリット・マナーを徹底解説,1,7,https://kawaguchitenrei.com/column/jitaku_sou/,,4,11,0,3752,138400
https://kawaguchitenrei.com/column/shinsiki/,200,神式葬儀で失敗しない香典袋と参列マナー | 川口典礼 コラム,30,神道の葬儀(神葬祭)における玉串料の扱い方、不祝儀袋の選び方・書き方・包み方、服装や玉串奉奠などの作法、仏式との違いを一覧で整理。地域差は神職や葬儀社にご確認ください。,84,神式葬儀で失敗しない香典袋と参列マナー,1,10,https://kawaguchitenrei.com/column/shinsiki/,,4,11,0,3721,159847
https://kawaguchitenrei.com/column/fuhou/,200,訃報メールの書き方と返信マナー|送るとき・届いたときの対応を例文付きで紹介 | 川口典礼 コラム,48,訃報メールの書き方と返信マナーを、社内・社外・親族・友人向けの例文付きで整理。葬儀後に訃報を知った場合の対応や、よくある質問もまとめました。,70,訃報メールの書き方と返信マナー|送るとき・届いたときの対応を例文付きで紹介,1,12,https://kawaguchitenrei.com/column/fuhou/,,4,11,0,4757,156914
https://kawaguchitenrei.com/column/obon/,200,お盆とは？ご先祖さまの霊を迎え供養する日本の伝統行事をまるごと解説 | 川口典礼 コラム,44,お盆(盂蘭盆会)の意味と由来、地域ごとの期間、迎え火・送り火・提灯・精霊馬などの風習、4日間の過ごし方、盆踊りなどの地域行事までを整理。新盆(初盆)についても解説します。,85,お盆とは？ご先祖さまの霊を迎え供養する日本の伝統行事をまるごと解説,1,8,https://kawaguchitenrei.com/column/obon/,,4,13,0,3441,149030
https://kawaguchitenrei.com/column/jiyusou/,200,お坊さんを呼ばない家族葬は可能？無宗教・自由葬で「その人らしく」見送る手順と注意点 | 川口典礼 コラム,52,お坊さんを呼ばない家族葬(無宗教・自由葬)について、献花式の進行例、実務の流れ、費用の考え方、注意点、納骨や案内文の準備までを川口典礼が整理しました。,75,お坊さんを呼ばない家族葬は可能？無宗教・自由葬で「その人らしく」見送る手順と注意点,1,12,https://kawaguchitenrei.com/column/jiyusou/,,4,11,0,4279,139835
https://kawaguchitenrei.com/column/hiyou/,200,埼玉県の葬儀費用はいくら？最新相場・内訳と「納得度」の実態【2024–2025】 | 川口典礼 コラム,51,埼玉県の葬儀費用の最新相場と内訳(基本料金・飲食・返礼品・お布施)、全国平均との比較、見積と支払いのギャップを整理。川口典礼の総額表示方針もご紹介します。実際の金額は内容により変動します。,94,埼玉県の葬儀費用はいくら？最新相場・内訳と「納得度」の実態【2024–2025】,1,12,https://kawaguchitenrei.com/column/hiyou/,,4,11,0,3915,138501
https://kawaguchitenrei.com/column/syuukatu/,200,終活とは？「亡くなる時」だけでなく「亡くなるまで」を自分らしく整える準備 | 川口典礼 コラム,47,終活は“亡くなる時”の準備だけでなく、自分らしく生きるための活動。エンディングノートに書くこと、身の回り・デジタル・お金の整理、家族との話し合いまで川口典礼が整理しました。,86,終活とは？「亡くなる時」だけでなく「亡くなるまで」を自分らしく整える準備,1,8,https://kawaguchitenrei.com/column/syuukatu/,,4,11,0,4232,135260
https://kawaguchitenrei.com/column/seshu-moshu/,200,施主と喪主の違いとは？葬儀における役割・決め方・よくある悩みをわかりやすく解説 | 川口典礼 コラム,50,喪主と施主の違い、それぞれの役割、決め方の手順、喪主挨拶の基本、よくあるFAQまで整理。現代は兼任が一般的ですが、状況によって分ける選択肢もあります。川口典礼が解説します。,86,施主と喪主の違いとは？葬儀における役割・決め方・よくある悩みをわかりやすく解説,1,12,https://kawaguchitenrei.com/column/seshu-moshu/,,4,11,0,5183,161446
https://kawaguchitenrei.com/column/chokusou-fukusou/,200,直葬に参列するときの服装は？マナー・平服の目安・NG例を整理 | 川口典礼 コラム,41,直葬(火葬式)に参列するときの服装マナーを、準喪服の基本、平服の目安、避けたいNG例まで整理。地域・宗派・家族の意向で表現は変わるため、目安としてご活用ください。,81,直葬に参列するときの服装は？マナー・平服の目安・NG例を整理,1,12,https://kawaguchitenrei.com/column/chokusou-fukusou/,,4,11,0,4531,156540
https://kawaguchitenrei.com/column/ichinichi-sou/,200,「一日葬」を選ぶ人が増加中？川口市で家族葬との違い・流れ・注意点をわかりやすく解説 | 川口典礼 コラム,52,通夜を行わず1日で告別式と火葬まで進める「一日葬」について、家族葬との違い、川口市での流れ、メリット・注意点を整理。菩提寺の理解や当日進行の慌ただしさにも触れています。,84,「一日葬」を選ぶ人が増加中？川口市で家族葬との違い・流れ・注意点をわかりやすく解説,1,14,https://kawaguchitenrei.com/column/ichinichi-sou/,,4,11,0,5214,160213
https://kawaguchitenrei.com/column/bukkyou-shuha-13/,200,13宗派56派の宗祖・教え・教典・唱名・焼香の目安|川口市の葬儀で困らない早見表 | 川口典礼 コラム,51,仏教13宗派(分派含め56派)の宗祖・本尊・教典・唱名・焼香の目安を早見表で整理。宗派が分からない場合の対応、日程の優先順位まで川口典礼が解説。宗旨・宗派問わずご相談に対応します。,90,13宗派56派の宗祖・教え・教典・唱名・焼香の目安|川口市の葬儀で困らない早見表,1,9,https://kawaguchitenrei.com/column/bukkyou-shuha-13/,,4,13,0,4689,168115
https://kawaguchitenrei.com/column/butumetu/,200,葬式は仏滅の日だとダメ？六曜の意味と日程の決め方 | 川口典礼 コラム,35,「仏滅に葬儀をして大丈夫？」「友引はどうする？」六曜の意味と、川口市での実務的な日程の決め方(火葬場予約優先)を川口典礼が解説。地域慣習や親族の意向も尊重して決めましょう。,86,葬式は仏滅の日だとダメ？六曜の意味と日程の決め方,1,9,https://kawaguchitenrei.com/column/butumetu/,,4,11,0,4526,141344
https://kawaguchitenrei.com/column/fukusouhin/,200,副葬品にして良いもの・できないものは？選び方のポイントをご紹介 | 川口典礼 コラム,42,副葬品(棺へ納める品)の選び方を、安全に燃えるかの基準、向くもの・避けたいもの、OKに見えてNGな例、代案まで整理。最終判断は火葬場の指示に従う必要があります。川口典礼が解説します。,91,副葬品にして良いもの・できないものは？選び方のポイントをご紹介,1,13,https://kawaguchitenrei.com/column/fukusouhin/,,4,11,0,5327,153488
https://kawaguchitenrei.com/column/mushukyo-sou/,200,無宗教葬とは？選ばれる理由・進行モデル・費用の考え方 | 川口典礼 コラム,37,"無宗教葬の特徴・選ばれる理由・進行モデル（家族葬20名想定）・費用（家族葬528,000円／一日葬396,000円・税込）・葬儀後の供養と納骨・事前準備までを川口典礼が整理します。",90,無宗教葬とは？選ばれる理由・進行モデル・費用の考え方,1,12,https://kawaguchitenrei.com/column/mushukyo-sou/,,4,11,0,3800,141270
https://kawaguchitenrei.com/column/jitakusou-merit/,200,我が家で葬儀を行う「自宅葬」とは？メリット・注意点・費用の目安（川口市） | 川口典礼 コラム,47,"自宅葬（我が家で葬儀）の3パターン、メリット、マンション・搬出・近隣配慮の注意点、流れ、費用の考え方、川口市の葬祭事業（市民葬：通夜・告別式等231,000円・税込／火葬のみ143,000円・税込）との関係まで川口典礼が整理。",113,我が家で葬儀を行う「自宅葬」とは？メリット・注意点・費用の目安（川口市）,1,12,https://kawaguchitenrei.com/column/jitakusou-merit/,,4,11,0,5181,156409
https://kawaguchitenrei.com/column/sousai-fujo/,200,生活保護受給者の火葬・葬儀｜葬祭扶助の対象・金額の目安・申請の流れ（川口市） | 川口典礼 コラム,49,葬祭扶助の対象範囲（火葬中心）、12歳以上／12歳未満の上限金額目安（級地差あり）、申請順序（葬儀の前に福祉事務所→葬儀社）、川口市の葬祭費5万円・協会けんぽ埋葬料5万円との関係まで川口典礼が整理。,99,生活保護受給者の火葬・葬儀｜葬祭扶助の対象・金額の目安・申請の流れ（川口市）,1,14,https://kawaguchitenrei.com/column/sousai-fujo/,,4,11,0,6391,166882
https://kawaguchitenrei.com/column/kenan/,200,死体検案書の発行費用は3〜10万円｜誰が負担する？保険適用や補助制度はある？ | 川口典礼 コラム,49,死体検案書の発行費用は3〜10万円。検視・検案・解剖の内訳、司法解剖は国負担・その他は原則遺族負担、川口市では補助制度なしの旨、提出前のコピー準備まで川口典礼が解説。,83,死体検案書の発行費用は3〜10万円｜誰が負担する？保険適用や補助制度はある？,1,12,https://kawaguchitenrei.com/column/kenan/,,4,11,0,4403,137941
https://kawaguchitenrei.com/column/kenshi-nagare/,200,検視の流れ｜遺体が警察に安置されたら家族がやるべきこと（川口市・めぐりの森利用を想定） | 川口典礼 コラム,54,病院以外で亡くなられた場合の検視の流れ・期間（半日〜数日以上）・費用（検視は無料／死体検案書・搬送・安置は別途）・検視中にやるべきこと（葬儀社選び・安置先確保）まで、川口市・めぐりの森利用想定で川口典礼が整理。,105,検視の流れ｜遺体が警察に安置されたら家族がやるべきこと（川口市・めぐりの森利用を想定）,1,15,https://kawaguchitenrei.com/column/kenshi-nagare/,,4,11,0,5849,169006
https://kawaguchitenrei.com/column/2026s_sougi/,200,2026年1月の年末年始は火葬場が4日間休場｜川口市で家族葬を考える方へ | 川口典礼 コラム,47,2026年は1月1日〜3日の年始休場＋1月4日が友引で、川口市のめぐりの森は1月1日〜4日まで火葬不可。年明けの混雑予測、安置環境の重要性、自社安置室・面会対応を備えた川口メモリアルホールの体制まで川口典礼が解説。,107,2026年1月の年末年始は火葬場が4日間休場｜川口市で家族葬を考える方へ,1,10,https://kawaguchitenrei.com/column/2026s_sougi/,,4,13,0,3909,142053
https://kawaguchitenrei.com/column/nenmastu/,200,年末年始の葬儀で困らないために｜手続き・日程・マナーの完全ガイド | 川口典礼 コラム,43,年末年始の葬儀の進め方を、葬儀社・役所・火葬場の稼働状況、三が日を避ける理由、スケジュールの組み方、増えやすい費用、訃報連絡・寒中見舞い・喪中マナーまで、川口市（めぐりの森）の実務感に寄せて川口典礼が整理。,103,年末年始の葬儀で困らないために｜手続き・日程・マナーの完全ガイド,1,11,https://kawaguchitenrei.com/column/nenmastu/,,4,11,0,4662,145297
https://kawaguchitenrei.com/column/sougi_nattoku/,200,葬儀費用の納得度とは？後悔しない葬儀社選びと見積もりのチェックポイント | 川口典礼 コラム,46,葬儀費用に納得した人は73.3%・見積もりと支払額が違った人は34.5%（平均＋19.5万円）の調査結果をもとに、納得度を分ける要因、見積もりチェックリスト、川口市で費用と満足度の両方を高めるコツを川口典礼が整理。,107,葬儀費用の納得度とは？後悔しない葬儀社選びと見積もりのチェックポイント,1,8,https://kawaguchitenrei.com/column/sougi_nattoku/,,4,11,0,4178,141511
https://kawaguchitenrei.com/column/shibou-todoke/,200,死亡届の提出方法とは？必要書類・提出期限・葬儀前後の流れを解説 | 川口典礼 コラム,42,死亡届の提出期限（7日以内）・必要書類・届出人・提出先・火葬許可証との関係を、川口市での実務に沿って整理。葬儀社がサポートできる範囲も川口典礼がわかりやすく解説します。,84,死亡届の提出方法とは？必要書類・提出期限・葬儀前後の流れを解説,1,13,https://kawaguchitenrei.com/column/shibou-todoke/,,4,13,0,4511,148224
https://kawaguchitenrei.com/column/yujinso-sokagakkai/,200,創価学会の友人葬とは？一般的な葬儀との違いと参列時の注意点 | 川口典礼 コラム,40,創価学会の友人葬について、僧侶を呼ばない形式の特徴、一般的な仏式葬儀との違い、葬儀の流れ、香典・供花の考え方、参列時のマナーを川口典礼が整理。地域やご家族の意向で細部が異なるため、一般的な目安としてご覧ください。,106,創価学会の友人葬とは？一般的な葬儀との違いと参列時の注意点,1,11,https://kawaguchitenrei.com/column/yujinso-sokagakkai/,,4,13,0,4204,156120
https://kawaguchitenrei.com/column/kazokusou-missou/,200,家族葬と密葬の違いとは？参列範囲・葬儀後の対応までわかりやすく解説 | 川口典礼 コラム,44,「家族葬」と「密葬」の本来の違いを、参列範囲・本葬／お別れ会の有無・訃報の伝え方・香典対応の観点から整理。混同されやすい両者を川口典礼の視点でわかりやすく解説します。,83,家族葬と密葬の違いとは？参列範囲・葬儀後の対応までわかりやすく解説,1,12,https://kawaguchitenrei.com/column/kazokusou-missou/,,4,13,0,4220,142515
https://kawaguchitenrei.com/column/saidan-kazokusou/,200,家族葬の祭壇はどう選ぶ？花祭壇・白木祭壇の違いと費用の考え方 | 川口典礼 コラム,41,家族葬の祭壇選びについて、花祭壇・白木祭壇の違い、宗教形式との関係、規模と費用の考え方、故人らしさを表す選び方を川口メモリアルホールでの実務に沿って川口典礼が解説します。,85,家族葬の祭壇はどう選ぶ？花祭壇・白木祭壇の違いと費用の考え方,1,12,https://kawaguchitenrei.com/column/saidan-kazokusou/,,4,14,0,4184,152223
https://kawaguchitenrei.com/column/gojokai-kaiyaku/,200,互助会は解約できる？葬儀費用を確認するときの注意点と相談先 | 川口典礼 コラム,40,互助会に加入している方へ、葬儀費用や見積りを確認する際の注意点、解約や積立金の考え方、葬儀社選びのポイントを中立的に整理。川口典礼では、互助会加入中の方の葬儀相談や見積り比較もお手伝いしています。,98,互助会は解約できる？葬儀費用を確認するときの注意点と相談先,1,11,https://kawaguchitenrei.com/column/gojokai-kaiyaku/,,4,14,0,4732,144522
